video_id,title,publishedAt,channelId,channelTitle,categoryId,trending_date,tags,view_count,likes,comment_count,thumbnail_link,comments_disabled,ratings_disabled,description,category_name,title_length,engagement_rate,subscriber_count,channel_total_views,channel_video_count
Iot0eF6EoNA,Sadak 2 | Official Trailer | Sanjay | Pooja | Alia | Aditya | Jisshu | Mahesh Bhatt | 28 Aug,2020-08-12 04:31:41+00:00,UCGqvJPRcv7aVFun-eTsatcA,FoxStarHindi,24,2020-08-12 00:00:00+00:00,sadak|sadak 2|mahesh bhatt|vishesh films|pooja bhatt|alia bhatt|sanjay dutt|aditya roy kapur|alia bhatt movies|alia bhatt new movies|aditya roy kapur new movies|aditya roy kapur movies|sanjay dutt sadak 2|sanjay dutt sadak|sanjay dutt new movies|fox star studios|fox star hindi|disney plus hotstar|disney plus movie|bollywood|cinema|movie|hindi cinema|upcoming bollywood movie|love story|action|thriller|suspense,9885899,224925,350210,https://i.ytimg.com/vi/Iot0eF6EoNA/default.jpg,False,False,"Three Streams. Three Stories. One Journey. Stay tuned for #Sadak2 streaming from 28th August on Disney Plus Hotstar VIPDirected by Mahesh Bhatt Produced by Mukesh BhattCast:Sanjay Dutt Pooja BhattAlia Bhatt Aditya Roy Kapur Jisshu Sengupta Makarand DeshpandePriyanka BoseMohan KapurGulshan GroverAkshay Anand Written by: Mahesh Bhatt & Suhrita SenguptaCinematographer: Jay I.PatelMusic Director: Jeet Gannguli, Ankit Tiwari,Samidh Mukherjee & Urvi, SuniljeetMusic on: Sony Music Streaming on- DisneyPlusHotstarMultiplexfrom 28th August, 2020Also Subscribe To
FoxStarIndia: http://goo.gl/Y8HGhY
FoxStarSouth : http://goo.gl/AO8IsZ

Social Media Links
Facebook: https://www.facebook.com/foxstarhindi
Twitter: https://twitter.com/foxstarhindi
Instagram: http://instagram.com/foxstarhindi
Pinterest: http://www.pinterest.com/foxstarhindi/

Dailymotion:
http://www.dailymotion.com/FoxStarHindi",Entertainment,92,5.82,6070000,2734358970,1062
x-KbnJ9fvJc,Kya Baat Aa : Karan Aujla (Official Video) Tania | Sukh Sanghera Desi Crew | Latest Punjabi Songs,2020-08-11 09:00:11+00:00,UCm9SZAl03Rev9sFwloCdz1g,Rehaan Records,10,2020-08-12 00:00:00+00:00,[None],11308046,655450,405146,https://i.ytimg.com/vi/x-KbnJ9fvJc/default.jpg,False,False,Singer/Lyrics: Karan Aujla Feat Tania Music/ Desi Crew Mix & Master / Dc Studio’sVideo/ Sukh Sanghera Project By / Deep Rehaan Sukh Bajwa & Jeewan Chahal Produced By / Sandeep RehaanLabel / Rehaan RecordsOnline Promotions - Global Digital SolutionDigital Partner / Coin Digital Social media Promotions: Gk DigitialSpotify: https://spoti.fi/3kDfnNuYoutube Music: https://bit.ly/31N2tUkGaana: https://bit.ly/2PHrUkLhttps://wynk.in/u/SSWNC5VO3Website: WWW.RehaanRecords.CAFB: https://m.facebook.com/RehaanRecords/INSTA: Instagram/rehaanrecords,Music,97,9.38,7650000,4803909464,164
KX06ksuS6Xo,Diljit Dosanjh: CLASH (Official) Music Video | G.O.A.T.,2020-08-11 07:30:02+00:00,UCZRdNleCgW-BGUJf-bbjzQg,Diljit Dosanjh,10,2020-08-12 00:00:00+00:00,clash diljit dosanjh|diljit dosanjh|diljit dosanjh goat album|diljit dosanjh new album|punjabi songs 2020|punjabi new song|new song 2020|goat diljit dosanjh|the kidd punjabi music|the kidd music|raj ranjodh songs|goat diljit dosanjh full album|diljit dosanjh karan aujla song|Diljit dosanjh new songs|diljit dosanjh songs|goat diljit dosanjh 2020|goat 2020|latest punjabi songs 2020|punajbi 2020 latest songs|punjabi songs|punjabi|new songs punjabi|clash,9140911,296533,30058,https://i.ytimg.com/vi/KX06ksuS6Xo/default.jpg,False,False,"CLASH official music video performed by DILJIT DOSANJH from his album G.O.A.T. Listen to the full album on Spotify ►https://spoti.fi/DiljitDosanjh_GOATFollow Diljit Dosanjh on Spotify ► https://spoti.fi/301R7wj Song: CLASHAlbum: G.O.A.T. Singer: Diljit DosanjhLyricist: Raj RanjodhMusic: The KiddModel: Komal BasranDirector: Rahul DuttaVideo Concept: San Dosanjh Production Team: Aastha Verma, Gursimran SinghBusiness Manager: Sonali SinghMix & Master: Dense (Dense Studios)Special Thanks: Kalikwest, Sukhi Dosanjh, Deep Sangha, Robbie Rai , DJ Johal #Clash #DiljitDosanjh #GOAT #GreatestOfAllTime #PunjabiSongs2020watch punjabi song G.O.A.T official video - https://youtu.be/cl0a3i2wFcc For latest punjabi songs and latest updatesSubscribe to DILJIT DOSANJH CHANNEL ► https://bit.ly/diljitdosanjhchannel Follow DILJIT DOSANJH online INSTAGRAM: https://www.instagram.com/diljitdosanjhTWITTER : https://twitter.com/diljitdosanjhFACEBOOK: https://www.facebook.com/DiljitDosanjhSNAPCHAT:https://www.snapchat.com/add/thisisdosanjhTRILLER:  @diljitdosanjh",Music,55,3.57,7800000,5254184568,263
UsMRgnTcchY,"Dil Ko Maine Di Kasam Video | Amaal M Ft.Arijit S,Kumaar | Asim R,Himanshi K| Bhushan K |Arvindr K",2020-08-10 05:30:49+00:00,UCq-Fj5jknLsUf-MWSy4_brA,T-Series,10,2020-08-12 00:00:00+00:00,hindi songs|2020 hindi songs|2020 new songs|t-series|tseries|tseries songs|new song|hit songs 2020|2020 songs|hindi 2020 songs|dil ko maine di kasam|dil ko maine di kasam asim riaz|dil ko maine di kasam himanshi khurana|dil ko maine di kasam arjit singh|Dil ko maine di kasam full song|Asim riyaz new song|Asim riaz & Himanshi Khurana new song|Dil ko maine di kasam arjit singh|Arijit Singh new song|new hindi songs 2020 august|hindi songs 2020 august,23564512,743931,136942,https://i.ytimg.com/vi/UsMRgnTcchY/default.jpg,False,False,"Gulshan Kumar and T-Series presents Bhushan Kumar's Dil Ko Maine Di Kasam. This new romantic song features Asim Riaz & Himanshi Khurana. And is sung by Arijit Singh. The music is composed by Amaal Mallik and lyrics are penned by Kumaar, The Music Arranged & Produced by Sourav Roy, Dj Phukan & Aditya Dev & video of this unconditional love song is directed by Arvindr Khaira. Hit the LIKE button if you love the song and let us know your feedback in the COMMENT section below. Enjoy & stay connected with us! Give it all your love!---------------------------------------------------------------- Connect with T-SERIES: 👉 http://bit.ly/TSeriesYouTube----------------------------------------------------------------# DilKoMaineDiKasam  #ArijitSingh  #AmaalMallik ♪Stream the Full Song Here♪ JioSaavn: https://bit.ly/DilKoMaineDiKasam-JioSaavnSpotify: https://bit.ly/DilKoMaineDiKasam-SpotifyHungama: https://bit.ly/DilKoMaineDiKasam-HungamaGaana: https://bit.ly/DilKoMaineDiKasam-GaanaApple Music: https://bit.ly/DilKoMaineDiKasam-AppleMusicAmazon Prime Music: https://bit.ly/DilKoMaineDiKasam-AmazonPrimeMusicWynk: https://bit.ly/DilKoMaineDiKasam-WynkResso: https://bit.ly/DilKoMaineDiKasam-RessoiTunes: https://bit.ly/DilKoMaineDiKasam-iTunesGoogle Play: https://bit.ly/DilKoMaineDiKasam-GooglePlaySong : Dil Ko Maine Di Kasam Music: Amaal Mallik.Artists : Amaal Mallik ft. Arijit Singh.Lyrics: Kumaar.Music Arranged & Produced By: Sourav Roy, Dj PhukanMusic Label: T-SeriesAdditional Production: Amaal Mallik & Prasanna Suresh.Song Mixed & Mastered By: Eric Pillai at Future Sound Of Bombay.Video Director: Arvindr KhairaAcoustic Guitars: Ankur Mukherjee.Electric Guitars: Roland Fernandes.Mandolins & Strokes: Tapas RoyWoodwinds: Paras Nath.Live Rhythms Arranged & Conducted by : Dipesh Varma.Live Tabla & Dholaks : Satyajit Jamsandekar & Rahul Rupawate.Song Recorded by Rahul Sharma at AMV Studios. (Assisted By Samir Dharap) Music Supervisors : Shivam Chanana, Vivin Sachdeva, Raj Chanana, Sonal Chawla.Mix Assistant : Michael Edwin Pillai.Music Assistants : Ansh Radia, Luvdeep Saini (LDS), Krish Trivedi, Yash Narvekar, Ralph Rodrigues, Ankush Bhardwaj, Vivek Bharti, Anvay Patil, Gaurav Sanghvi, Rujul Deolekar.Promo & BTS Editor - Himanshu MishraArijit's vocal recorded at T series Studio by Surajit Ghosh MazumdarCreative director/ Steadicam Operator:- Amaninder singhDop :- Shinda singhAD’s :- Satnam Singh , Sukhman Sukhu , Jais SiviaVfx : LoveProduction :- Fateh films productions___________________________________
Enjoy & stay connected with us!
👉 Subscribe to T-Series: http://bit.ly/TSeriesYouTube
👉  Like us on Facebook: https://www.facebook.com/tseriesmusic
👉Follow us on Twitter: https://twitter.com/tseries
👉 Follow us on Instagram: http://bit.ly/InstagramTseries",Music,98,3.74,310000000,334081512320,25661
WNSEXJJhKTU,"Baarish (Official Video) Payal Dev,Stebin Ben | Mohsin Khan, Shivangi Joshi |Kunaal V| New Song 2020",2020-08-11 05:30:13+00:00,UCye6Oz0mg46S362LwARGVcA,VYRLOriginals,10,2020-08-12 00:00:00+00:00,VYRL Original|Mohsin Khan|Shivangi Joshi|Payal Dev|Stebin Ben|mohsin khan and shivangi joshi|yeh rishta kya kehlata hai|shivangi joshi and mohsin khan|shivangi joshi dance|payal dev songs|stebin ben songs|stebin ben new song|new song|new song 2020|new songs|latest songs|hindi song|new hindi song|hindi songs|Baarish|baarish song|stebin baarish|baarish|baarish shivangi joshi|new songs 2020|kunaal vermaa|vyrl originals|new hindi song 2020|music,6783649,268817,22984,https://i.ytimg.com/vi/WNSEXJJhKTU/default.jpg,False,False,"VYRL Originals brings to you ‘Baarish’ - the biggest monsoon song of 2020.Starring in their first-ever music video is India’s favourite onscreen jodi from the hit show Yeh Rishta Kya Kehlata Hai - Mohsin Khan (Kartik) and Shivangi Joshi (Naira). ‘Baarish’ has been sung by Payal Dev & Stebin Ben. The song has been composed by Payal Dev, written by Kunaal Vermaa and the music has been programmed by Aditya Dev. Baarish is quite the best weather to reminisce some of the memories worth remembering and this video is sure to make you fall in love with all those moments and make you want to tug your heartstrings.#Baarish #MohsinKhan #ShivangiJoshi What is your favourite Baarish memory, tell us in the comments below.♫ Click To Listen Now - https://umgindia.lnk.to/BaarishAudio Credits:Singer - Payal Dev & Stebin BenComposer - Payal DevLyrics - Kunaal VermaaMusic Producer - Aditya DevGuitar - Krishna PradhanSantoor - Tapas RoyMix & Master - Aditya DevVideo Credits:Production House - Shoot House StudioStarring - Mohsin Khan , Shivangi Joshi,Director - Arif KhanConcept & Creative Director - Pooja Gujral Cinematographer - Piyush Puty Editor - Oswin Reveredo Online & VFX - Raju Binsale Colour grading : MitenStylist - Amrita SachdevHmu- Manna and TeamLyrics:Yaad Aa Jaati HaiMujhe Vo Teri HasiMuskura Jaati HaiKhud Ye Palkein Meri Kabhi Aisa Bhi Hota HaiBhula Deti Mai TujhkoMagar Boondein Meri HarKoshish Barbaad Karti Hai Tumhe Baarish Bada Yaad Karti HaiTumhe Baarish Bada Yaad Karti HaiAaj Bhi Mujhse Teri Baat Karti HaiTumhe Baarish Bada Yaad Karti Hai Vo Pelhli Nazar VoChehraa TumhaaraJab Ankhon Se Tumko ThaDil Mein UtaaraMain Bhoola Nahi HoonPanaahon Ko TeriWo Jisme Tha MaineZamaana Guzaara Bichadne Se Pehle TeraWo Mujhse Lipat JanaWo Bebas Nigaahein MeriAb Tak Fariyaad Karti Hai Tumhe Baarish Bada Yaad Karti HaiTumhe Baarish Bada Yaad Karti HaiAaj Bhi Mujhse Teri Baat Karti HaiTumhe Baarish Bada Yaad Karti Hai► About VYRL Originals:
VYRL Originals is a platform from Universal Music India that is dedicated to building the culture and category of non-film music in India. VYRL Originals is the go-to destination for fans of non-film music who are seeking original content, meaningful music, and clutter-breaking slick videos.

Follow VYRLOriginals Here:

► Subscribe to VYRLOriginals: https://goo.gl/pKRj7R
► Follow us on Instagram: https://www.instagram.com/VYRLOriginals
► Like us on Facebook: https://www.facebook.com/VYRLOriginals
► Follow us on Twitter: https://twitter.com/VYRLOriginals

Like || Share || Comment",Music,100,4.3,16500000,7885089063,783
Xma15IYe5tQ,SISTER DOES MY HAIRCUT,2020-08-12 06:56:05+00:00,UCx6F-rETGiz7xf_vkMmX2yQ,Mythpat,20,2020-08-12 00:00:00+00:00,haircut mythpat|haircut vlog funny|mythpat funny|mythpat sister|prachi pisat,1699326,332553,75819,https://i.ytimg.com/vi/Xma15IYe5tQ/default.jpg,False,False,In today's video my sister does my Haircut. This was a fun vlog type video. Hope you all enjoy it!Sister's instagram - https://www.instagram.com/prachipisatmy instagram - https://www.instagram.com/mythpatAll songs by Kevin MacLeod (incompetech.com)Licensed under Creative Commons: By Attribution 3.0 Licensehttp://creativecommons.org/licenses/by/3.0/#haircut #mythpat,Gaming,22,24.03,17000000,4229585767,428
uUXE9qUHVzk,Paapi Munda - Mankirt Aulakh Ft. Gur Sidhu | Kaptaan | Sukh Sanghera | New Punjabi Song 2020,2020-08-10 09:29:37+00:00,UCuFwzKrS0wE43CSkyaHBGiQ,SagaHits,10,2020-08-12 00:00:00+00:00,Paapi Munda|Mankirt Aulakh|Mankirt Aulakh Paapi Munda|mankirt new song|mankirt aulakh punjabi songs|new punjabi song 2020|Badnam Mankirt Aulakh|Mankirt Aulakh New Punjabi Song 2020|Punjabi Songs|Latest Punjabi Song 2020|Punjabi Song Paapi Munda|Mankirt Aulakh Songs|Gur Sidhu new Song|Kaptaan new song|New Songs 2020|Punjabi song 2020|Mankirt Aulakh all songs|Badnam Song|Sukh Sangera Songs,7363779,301888,50086,https://i.ytimg.com/vi/uUXE9qUHVzk/default.jpg,False,False,"After the success of Badnam, Mankirt Aulakh is back with Paapi Munda Ft. Gur SidhuPaapi Munda new Punjabi song 2020, music by Gur Sidhu & lyrics given by Kaptaan➤Subscribe SagaHits: http://goo.gl/aFFNeCCredits:Title: Paapi MundaSinger: Mankirt Aulakh Ft. Gur SidhuMusic: Gur SidhuLyrics: KaptaanDirector: Sukh SangheraProducer: Sumeet SinghSync Shoot Dop & Directed By: H7 SandhuIndia Assistant: SanamLabel: Saga MusicDigital Partner: UnisysVideo directed by Sukh Sanghera➤Follow SagaHits on:Facebook: https://www.facebook.com/sagahitsInstagram:  https://www.instagram.com/sagamusicTwitter: https://twitter.com/Saga_HitsSnapchat: Saga Music Official (@sagamusichits)#PaapiMunda #MankirtAulakh #SagaMusicOh, Dunia Ki Karu Masle Saade Hal Goriye, Bina Gaal To Karda Ni Munda Gal GoriyeKai Taa Kehnde Bone Braker, Kayi Aaakhde Paapi AaAdha Munda Vigar Gaya Ni, Adha Halle Baki Aa",Music,92,4.78,13800000,8103184573,3509
4dRHHupQM-s,Naagin 5 | नागिन 5 | Episode 01 | Recap,2020-08-10 04:30:48+00:00,UC55IWqFLDH1Xp7iu1_xknRA,Colors TV,24,2020-08-12 00:00:00+00:00,Naagin 5|Naagin|Season 5|Hina Khan|Dheeraj Dhoopar|Mohit Malhotra|Colors TV|Naagin Promo|Mouni Roy|naagin|mouni roy|Colors hindi|show|new show|colors hindi serial|colors|hindi|hindi laguage|Naagin 4|drama|supernatural|Nia Sharma|Jasmine Bhasin|Vijayendra Kumeria|Sayantani Ghosh|Shaleen Bhanot|Supriya Shukla|Geetanjali Tikekar|Rakhi Vijan|weekend show|ichadhari naagin|revenge|naagin revenge|Promo|promotion,3816680,30086,3733,https://i.ytimg.com/vi/4dRHHupQM-s/default.jpg,False,False,"To save Dev's life, Brinda takes him to a mysterious temple. Unwittingly, she walks into a death trap as Vishaka and Nayantara are waiting to kill them. However, things take a shocking turn when Naag Rani and Sesha and arrive to save Brinda. Will they be able to win the battle and save Dev's life?#ColorsTV #Naagin5To subscribe this channel go to: http://www.youtube.com/subscription_center?add_user=colorstvTo download the Voot app please click on the link :IOS: https://apps.apple.com/in/app/voot/id1011777157Android: https://play.google.com/store/apps/details?id=com.tv.v18.violaFire TV: https://www.amazon.in/Viacom18-Media-Pvt-Ltd-Originals/dp/B01N2PCGG3/ref=sr_1_1?dchild=1&keywords=voot+tv&qid=1595417708&s=mobile-apps&sr=1-1To go to the show playlist please click: https://www.youtube.com/playlist?list=PLcC6hSpO26KsgGwV-Q_s8TriDxjj9bM_JFollow us on: Facebook: https://www.facebook.com/ColorsTVInstagram: https://www.instagram.com/colorstv/Naagin, the saga of love and revenge, has had the audience hooked since its launch. Loaded with 3 epic seasons, this supernatural show traces the lives of 3 'ichchadhari' naagins- Shivanya, Shivangi and Bela. Watch on, as every season, the Naagin fights evil and keeps the ultimate source of power, the 'naagmani' safe from evil clutches.The accuracy, completeness, currency and/or suitability of the above video description is not endorsed by its licensor or broadcaster or the Channel. They shall not be liable for loss and/or damage arising from the video description.",Entertainment,39,0.89,81900000,1415015384,65279
-h9fY8j22yg,Ludo | BakLol Video,2020-08-11 10:32:30+00:00,UCQfE97UMDGgKCFb7iGM8Btg,BakLol Video,24,2020-08-12 00:00:00+00:00,funny video|ludo video|funny ludo|ludo players|types of ludo players|funny hindi video|viral video|trending video|baklol video|baklol new|baklol ludo video|baklol gaming|trending|viral|baklol funny|pankaj sharma|sanjhalika shokeen|pankaj baklol|ridhu pidhu|guddu bhaiya|ludo 2020|types of ludo,837562,21510,1704,https://i.ytimg.com/vi/-h9fY8j22yg/default.jpg,False,False,This is a comedy video just to entertain you.For Behind The Scenes & More UpdatesFollow us on Instagram : @baklolvideohttp://instagram.com/baklolvideoStarring:Kanhaiya JiPankaj SharmaSanjhalika ShokeenRidhu PidhuMortu Guddu BhaiyaDOP- Vibhu and Pankaj Editing- Pankaj SharmaScript- Kundan ThakurColor- Pankaj SharmaManager - Aashish BhardwajManaged by: Sociopool India private limited (Aashish Bhardwaj),Entertainment,19,2.77,12900000,4100105076,463
XM4Kd1gQ7Ek,Jatti Jaandi (Official Video) | Kambi Ft. Mahi Sharma | Latest Punjabi Songs 2020 |New Punjabi Songs,2020-08-12 02:24:34+00:00,UCoU6AzYucV7Xlg-J5GSTAPg,Gringo Entertainments,10,2020-08-12 00:00:00+00:00,kambi|jatti jaandi|mahi sharma|kambi new song|kambi latest song|latest punjabi song|latest punjabi songs 2020|kambi new song released|mahi sharma new song|jatti jaandi chlaundi goli|ve je tu mera dil todeya|changey din|teri meri ladai|kambi hit songs|new punjabi songs 2020|clash|latest songs|latest songs 2020|new song|new song 2020|new hindi song|new hindi songs 2020|latest hindi songs|latest hindi songs 2020,1466612,97192,3311,https://i.ytimg.com/vi/XM4Kd1gQ7Ek/default.jpg,False,False,Gringo Entertainments presents new track Jatti Jaandi sung and penned by Kambi. The music of this song is given Avvy Sra .Get ready to groove on the beats Jatti Jaandi.♫ Full Song Available On ♫itunes : https://geo.itunes.apple.com/at/album/id1527229873?at=1l3v9Tx&app=itunesJio Saavan : https://www.saavn.com/s/song/punjabi/Jatti-Jaandi/Jatti-Jaandi/Ex0nWyd6WHk?referrer=svn_source=share&svn_medium=com.whatsapp&utm_source=share&utm_medium=com.whatsappSpotify : http://open.spotify.com/album/6fJYy6VJiaEreIEyUarBdoAmazon music : https://music.amazon.in/albums/B08FMKLSMN?trackAsin=B08FMKPCK7&ref=dm_sh_IEnYyHeniGCPXbFHrnz1rmEyqGoogle Play Music : https://play.google.com/store/search?q=Jatti%20Jaandi&c=musicResso :  https://m.resso.app/ysvsen/Apple Music : https://music.apple.com/in/album/jatti-jaandi/1527229873?i=1527229883Gaana : https://gaana.com/song/jatti-jaandiWynk : https://wynk.in/u/PO9sjyhFj  ————————————————————————————————♫Song Credits♫Singer/Lyrics : KambiMusic: Avvy SraFemale Lead : Mahi SharmaVideo : 9 Frame FilmsDirector : Chandeep DhaliwalCinematographer : Sukh KambojAssociate Director : Harpreet| Amit Saggu| Mehar ChaudharyProduction : V-Sign ProductionEditor -edit  & grade : Sunil AroraCasting director - Symphonic ClicksProject : S MukhtiarDesign: SimarVFXMakeup : Rajan PassiLabel: Gringo EntertainmentsProducers: A.S. Mac & G.S. Sandhu———————————————————————————————Connect with Gringo EntertainmentsSUBSCRIBE- https://www.youtube.com/gringoentertainmentsLIKE US-  https://www.facebook.com/gringoentertainmentINSTAGRAM- https://www.instagram.com/gringoentertainmentsLINKEDIN - https://www.linkedin.com/in/gringo-entertainment-951186195/TWITTER- https://twitter.com/GringoEntertaiWEBSITE-  https://www.gringoentertainments.com#latestpunjabisongs2020 #jattijaandi #kambi #mahisharma,Music,100,6.85,2470000,894543013,237
n8vlEklS3gA,Who Is BINOD? How We Created a VIRAL Meme,2020-08-08 13:14:54+00:00,UCtgGOdTlM-NdJ9rPKIYN8UQ,Slayy Point,23,2020-08-12 00:00:00+00:00,binod|who is binod|binod meme|slayy point|bb ki vines|technical guruji|Angry prash|beer biceps|Khali|The Great Khali,10080580,834240,324353,https://i.ytimg.com/vi/n8vlEklS3gA/default.jpg,False,False,"Who is Binod? How did the Binod trend start? What do Binod comments mean? Well this video will answer all your questions!Special Thanks to BB ki Vines - Bhuvan Bam, Technical Guruji, BeerBiceps, Angry Prash & The Great Khali for collaborating with us for this binodta se bhari video :) and to YOU SlayyFam for making this viral.This is our 2 Million Special as well!The BINOD SONG, made by the v talented Reay (@reayxx), will be available to stream here by 10th August -  https://distrokid.com/hyperfollow/reay/binod-feat-slayypointFollow us on Instagram -Gautami - https://www.instagram.com/gautamikawale/Abhyudaya - https://www.instagram.com/abhyudaya_mohan/Instagram - https://www.instagram.com/slayypoint/Facebook - https://www.facebook.com/SlayyPointTwitter - https://twitter.com/slayypointE-mail for BUSINESS ENQUIRES ONLY- slayypointofficial@gmail.comWatch Our Videos - Why Indian Comments Section Is Garbagehttps://www.youtube.com/watch?v=CbNYxFIQ5jIDon't Ask My Exam Resulthttps://www.youtube.com/watch?v=OsjW-9k-BiMChange Your 'Face' & 'Personality'https://www.youtube.com/watch?v=6G5LlT--81k",Comedy,41,11.49,10400000,3086572321,196
ltIe2dFloFY,Medical Shop Alaparaigal | Lockdown | Nakkalites,2020-08-10 15:35:11+00:00,UCiPmhfdCL06cSVTXKabF0Zg,Nakkalites,23,2020-08-12 00:00:00+00:00,Nakkalites|Nakkalites latest|Nakkalites All Episodes|nakkalites in tamil|nakkalites new video|#nakkalites|nakkalites video|nakkalites alaparaigal|nakkalites channel|tamil web series|nakalities|nakkallites|tamil comedy|alaparaigal|lockdown comedy|nakkalites medical shop|lockdown alaparaigal tamil|medical shop|nakkalites comedy|alaparaigal videos|nakalites|alaparaigal video|nakkalites srija|lock down|lockdown medical|medicalShop alaparaigal,1096906,62388,4443,https://i.ytimg.com/vi/ltIe2dFloFY/default.jpg,False,False,Earn With Me On Binany💰 https://bit.ly/3a3LukhBrand promotion via - brandaone.comA normal day for a medical shop guy turns into a series of tragedies by Alapparais of customers he faces that day. Enjoy the fun filled events with Manoj or Medical shop guy.Thanks ToSri Nachiaya Medicals(Ettimadai)DirectionGomathi Shankar KScriptDurga MariyappanCinematography & DIArun KumarEditingVignesh VikiSound Design JothinathanFoleyVikramanDubbing SriramVivek SaroAsst DirectorsVignesh AruchamyBoobalanAsst CinematographersSainathBharathrajDesignsMithunProduction ManagersDinesh KRCastManoj BeadzKavi JSDinesh KRVivin cjViki Aneesh Vignesh ArusamyBharathrajDinesh kuumarSasti PraneshSriramVignesh VikiKannan baluDilip kumar Rajesh rjSivan moorthi Produced byErumbugal Network#Nakkalites #MedicalShopAlaparaigal #Lockdown***********************In Association with DIVO - Digital Partnerhttp://www.Facebook.com/divomovieshttps://Twitter.com/divomovieshttps://Instagram.com/divomovies,Comedy,48,6.09,5570000,1715670086,1854
KrXRnIESDxM,first Crazy RIDE on Kawasaki NINJA H2,2020-08-11 08:00:15+00:00,UC0VN6My1ueOFXDTgzMZSSNQ,JS Films,22,2020-08-12 00:00:00+00:00,JS Films|Vlogger|youtuber|jaysn|jasminder singh|delhi youtubers|youtubers india|indian youtubers|content creators|vlog|vlogs|daily vlogs|superbikes|hayabusa|ktm duke 390|kawasaki|zx10r|suzuki|lifestyle vloggers|motovloggers|desi vlogs|hinglish|delhi|india,1212997,110209,4131,https://i.ytimg.com/vi/KrXRnIESDxM/default.jpg,False,False,Website: https://bit.ly/334oBvA(Use code  jsfilms2020  for 20% OFF at Mamaearth)Amazon: https://amzn.to/2CzDzPKNykaa: https://bit.ly/32RtAQwFlipkart: https://bit.ly/3hxwVIyMamaEarth is a sponsor partner for this videoPlease Subscribe to our second channel: https://www.youtube.com/channel/UCayDJ8tjhgm7TaUY9eechmAGet my favorite Mivi Products:Collar Bluetooth earphone: https://mivi.shop/35jyzXHThunderbeats Wireless Earphones: https://mivi.shop/2SN9kdGRoam Bluetooth Speaker: https://mivi.shop/39zFbEDMoonstone Bluetooth Speaker: https://mivi.shop/37peWPoI am more active on the following accounts ;)Instagram: http://bit.ly/2TI7BpUFacebook: http://bit.ly/33cbk2dTwitter:  http://bit.ly/3aRH8MGPersonal website: http://bit.ly/2IG94qxCorona Anthem (Music Video): https://www.youtube.com/watch?v=5fjmM1dX8oQ,People & Blogs,37,9.43,3480000,919641460,2167
8B8fTZ-ghhk,THIS SUNDAY WAS ALL ABOUT FOOD | BINGE DAY | | SHOAIB IBRAHIM OFFICIAL | DIPIKA KAKAR IBRAHIM,2020-08-11 12:15:00+00:00,UC8ZRiu_mBJwuMHcdIpKjTfA,Shoaib Ibrahim Official,22,2020-08-12 00:00:00+00:00,[None],1105741,84592,5021,https://i.ytimg.com/vi/8B8fTZ-ghhk/default.jpg,False,False,#sunday #bingeday #shoaika #foodlovers #shoaibibrahimofficial #dipikakakaribrahim #shoaikdipikaOur Instagram accounts Shoaib https://instagram.com/shoaib2087?igshid=ssm4jqz2n45kDipika https://instagram.com/ms.dipika?igshid=14ftsjwf2gng,People & Blogs,93,8.1,3710000,1562913846,653
oaSgSobLwtQ,FLESH Official Trailer | Eros Now Originals | Swara Bhasker | 21st August,2020-08-11 07:22:53+00:00,UCX52tYZiEh_mHoFja3Veciw,Eros Now,24,2020-08-12 00:00:00+00:00,Flesh|flesh web series|flesh new series|flesh motion poster|flesh teaser|flesh trailer|flesh 2020|flesh swara bhaskar|flesh thriller series|thriller web series|crime web series|Swara Bhaskar|Akshay Oberoi|Vidya Malvade|Kavin Dave|flesh official trailer|swara bhasker web series|swara bhaskar web series video|human trafficking short film|human trafficking in india|eros now|eros web series|eros web series trailer|netflix india|netflix web series,13210819,18787,0,https://i.ytimg.com/vi/oaSgSobLwtQ/default.jpg,True,False,"Presenting the official trailer of FLESH, a blood-curdling tale of human trafficking victims, perpetrators and law enforcers caught in the web of this diabolical trade. Will Radha (Swara Bhasker) be able to save Zoya (Mahima Makwana) from the bleak future that awaits her in a matter of days in the chilling- gritty crime drama!  Streaming on 21st August 2020 on Eros NowCast: Swara Bhasker, Mahima Makwana, Akshay Oberoi, Vidya Malvade, Kavin Dave and Yudhishtir UrsDirector: Danish AslamEros-Now-Chief-Of-Content: Ridhima LullaProducers: Siddharth Anand, Mamta AnandMusic Composer: Manas Chaturvedi and Shikhar ChaturvediWriter: Pooja Ladha SurtiDOP: Anshuman MahaleyWatch back to back Full Movies only on Eros Now - https://goo.gl/GfuYuxFor all the updates on our movies and more:https://www.youtube.com/ErosNowhttps://twitter.com/#!/ErosNowhttps://www.facebook.com/ErosNowhttps://www.facebook.com/erosmusicindiahttps://plus.google.com/+erosentertainment https://www.instagram.com/erosnow",Entertainment,73,0.14,35700000,5592302262,6692
dO3mieg3V6Y,Fidaa Movie House Tour || Shiva Jyothi || Jyothakka,2020-08-11 10:24:00+00:00,UC7YiIbvHoF2nm4ILb8z_u7A,Jyothakka,25,2020-08-12 00:00:00+00:00,Shivajyothi Fidha House Tour|Fidaa movie House Tour|Raksha Bandhan Special Video|Shiva Jyothi|Jyothakka|Savithri|savitri akka|savitri channel|savitri youtube channel|anchor savitri|news anchor savitri|shiva jyothi channel|anchor shiva jyothi|anchor shiva jyothi channel|savitri videos|anchor savitri videos|varalakshmi vratham by shiva jyothi,1435833,35068,2327,https://i.ytimg.com/vi/dO3mieg3V6Y/default.jpg,False,False,#Shivajyothi #Savithri  #Jyothakka #FidaaMovie #Biggbosstelugu #biggbossshivajyothiFor More Off Screen Updates:Subscribe to my Youtube Channel : https://www.youtube.com/channel/UC7YiIbvHoF2nm4ILb8z_u7AFollow me on Instagram : https://www.instagram.com/iam.savithri/Like me on Facebook : https://www.facebook.com/kamtam.shivajyothi/Follow me on Twitter : https://twitter.com/iamshivajyothi/,News & Politics,51,2.6,1340000,564451370,710
1Y2u-05Yhxw,WALL OF DARES WITH BROTHER & SISTER PART 2 | Rimorav Vlogs,2020-08-11 08:33:04+00:00,UCaqULAbiq-6ZRlKmx0Uv_Cw,Rimorav Vlogs,24,2020-08-12 00:00:00+00:00,rimorav|rimorav vlogs|WALL OF DARES WITH BROTHER & SISTER PART 2 Rimorav Vlogs|WALL OF DARES WITH BROTHER & SISTER Rimorav Vlogs|WALL OF DARES Rimorav Vlogs|BINOD|BINOD MEME|rishi dev|diksha sharma|sanjay dutt|ri vlogs,1549015,210151,140543,https://i.ytimg.com/vi/1Y2u-05Yhxw/default.jpg,False,False,Watch WALL OF DARES WITH BROTHER & SISTER PART 2,Entertainment,58,22.64,6750000,2866140448,639
suDsZI8XIuk,New Punjabi Songs 2020 | PU DI Topper | Official Video  | Sukh Lotey | Mr & Mrs Narula | Latest Song,2020-08-10 04:30:04+00:00,UCs-ZxMeaZXOmFSj3B6PwDuw,Red Leaf Music,10,2020-08-12 00:00:00+00:00,sidhumusewala|karanaujla|rnait|khanbhaini|newpunjabisongs|punjabisongs|latestpunjabisongs|newpunjabisong2020|koralamaan|punjabihitsong|romanticsongs|sadsongs|popsongs|diljitdosanjh|trendingsongs|redleafmusic|amritmaan|maninderbuttar|mankirataulakh|nimratkhaira|gurlejakhtar|bprak|jaani|afsanakhan|gururandhawa|Latest Punjabi Songs 2020|new punjabi song|new song|trending songs|Punjabi Songs #1 #2 #3,2811249,113078,5169,https://i.ytimg.com/vi/suDsZI8XIuk/default.jpg,False,False,"Red Leaf Music Presents : New Punjabi Songs 2020 | P U Di Topper | Official Video  | Sukh Lotey | Mr & Mrs Narula | Red Leaf MusicSong :  Pu Di TopperSinger, Writer :  Sukh LoteyFeat  Mr & Mrs Narula Music : NveeVideo : Hunny Singh and Pulkit Setia PkEditor : Mr EditorProducers : Goldy Kehal Happy Kehal Photography : The Royal Photographyspecial thanks : Raman Ghuman, Aman DirectDigital Partner : Coin Digital Online Promotion : Coin Digital New Punjabi Songs 2020 | P U Di Topper |Teaser | Sukh Lotey | Mr & Mrs Narula | Red Leaf Music | New Punjabi Songs | New Punjabi Song 2020 | Latest Punjabi Songs 2020 | Audio Release All Platform This Week | New Songs 2020 | Romantic Song 2020 | Sad Songs 2020",Music,100,4.21,1040000,684632753,164
WdCES1IK8EA,RING  (OFFICIAL VIDEO) by RAMAN GOYAL feat. PARAS CHHABRA & MAHIRA SHARMA | New Song 2020,2020-08-10 03:31:08+00:00,UCpMoGK8pm4nuNERpX6_DwOQ,Worldwide Records PUNJABI,10,2020-08-12 00:00:00+00:00,Punjabi New Songs|Punjabi Songs|Punjabi Dj Songs|Punjabi Videos|Worldwide Records|Punjabi new song|punjabi world|punjabi boliyan|PUNJAB|super punjab|new punjabi song|new punjabi song 2020|dj song|dj punjab|phool song|new punjabi hits|latest punjabi song|love song|i love you|punjabi song 2020|Worldwide Records Punjabi|RING|RAMAN GOYAL|PARAS CHHABRA|MAHIRA SHARMA|BIG BOSS|Paras Mahira|New paras Mahira Song 2020|New Paras SOng|New Mahira Song,4229128,97070,21232,https://i.ytimg.com/vi/WdCES1IK8EA/default.jpg,False,False,"Singer : Raman Goyal @iamRamanGoyalFeat. PARAS CHHABRA & MAHIRA SHARMA 👉 Subscribe Our Channel - https://bit.ly/3btPDhU............................................................► Stream the Full Song ► Wynk : https://bit.ly/3fGh9cLGaana : https://bit.ly/3kvIVMHSpotify : https://spoti.fi/3a8fXxUitunes : https://apple.co/3isKcCKSaavn : https://bit.ly/3iu2JhXHungama : https://bit.ly/2PKrbPvAmazon Music : https://amzn.to/33MskhKGoogle Play : https://bit.ly/2PAsssuMusic Youtube : https://bit.ly/3gLYVYI............................................................Rap : Loka Music : Aakash  & Meme MachineMixed & Mastered By :- Aakash RavikrishnanLyrics : Ammy ManakDirector : Sumit Sharma DOP : Rahul Arora Editor : VArun Arora Post Production : IMAGINATIONZ STUDIOArt dir : Suraj Light & Camera : Binny filmsPosters :- Jm Designs , Hidden Heroes , Abhiz Creation , Garry NawabLine producer : Kuldeep ChouhanStudio Shoot :- Shri Krishna PortraitsVfx :- Vikas PanchalMake up : Ishan Malhotra Hair : Harry Bajwa Making :- Daas FilmsInstagram Promotions :- Jatt MediaStyling by : Abhinav Tanwar &  Team  PoonamLabel Worldwide Records Conceived by Sumit Bhardwaj Producer : Ratnakar Kumar Online Promotion : Pixilar Studioshttps://www.instagram.com/iamRamanGoyalhttps://www.instagram.com/parasvchhabrrahttps://www.instagram.com/officialmahirasharmahttps://www.instagram.com/loka_musichttps://www.instagram.com/aakashravikrishnanhttps://www.instagram.com/directorsumitsharmahttps://www.instagram.com/doprahularorahttps://www.instagram.com/editorvarunarora📱Contact Office : 9373694924 , 9321157080 , 9820441454👉 Subscribe Our Channel - https://bit.ly/3btPDhU👉Follow us  - https://www.instagram.com/sumitbhardwajofficial👉Follow us - https://www.instagram.com/worldwiderecordspunjabi👉  Like us on -https://www.facebook.com/WorldwideRecordsPunjabiProducer - RATNAKAR KUMAR :https://www.instagram.com/ratnakarwwrindia",Music,89,2.8,823000,319810996,290
X9_f_5VeE6s,"FULL MATCH - Roman Reigns vs. Murphy: SmackDown LIVE, August 13, 2019",2020-08-08 17:00:12+00:00,UCJ5v_MCY6GNUBTO8-D3XoAg,WWE,17,2020-08-12 00:00:00+00:00,wwe|world wrestling entertainment|wrestling|wrestler|wrestle|superstars|कुश्ती|पहलवान|डब्लू डब्लू ई|मैच|सुपरस्टार|व्यावसायिक कुश्ती|مصارعه|wwe 2020|SmackDown|Roman Reigns|Murphy|wwe 2020 new|roman reigns vs buddy murphy|buddy murphy vs roman reigns|roman reigns attacks buddy murphy|roman reigns vs buddy murphy full match|who attacked roman reigns|wwe full matches|wwe full matches 2020,4387126,79477,2949,https://i.ytimg.com/vi/X9_f_5VeE6s/default.jpg,False,False,"Murphy is put to the test in a high-octane match against Roman Reigns on SmackDown LIVE in 2019: Courtesy of WWE Network.WWE Network | Subscribe now: http://wwe.yt/wwenetwork
---------------------------------------------------------------------
Follow WWE on YouTube for more exciting action!
---------------------------------------------------------------------
Subscribe to WWE on YouTube: http://wwe.yt/
Check out WWE.com for news and updates: http://goo.gl/akf0J4
Watch WWE on Sony in India: http://www.wwe.com/SonySportsNetwork
Find the latest Superstar gear at WWEShop: http://shop.wwe.com
---------------------------------------------
Check out our other channels!
---------------------------------------------
The Bella Twins: https://www.youtube.com/thebellatwins
UpUpDownDown: https://www.youtube.com/upupdowndown
WWEMusic: https://www.youtube.com/wwemusic
Total Divas: https://www.youtube.com/wwetotaldivas
------------------------------------
WWE on Social Media
------------------------------------
Twitter: https://twitter.com/wwe
Facebook: https://www.facebook.com/wwe
Instagram: https://www.instagram.com/wwe/
Reddit: https://www.reddit.com/user/RealWWE
Giphy: https://giphy.com/wwe
------------------------------------
WWE Podcasts
------------------------------------
After the Bell with Corey Graves: http://bit.ly/afterthebellpodcast
The New Day: Feel the Power: https://link.chtbl.com/7Fp6uOqk",Sports,69,1.88,112000000,102641272535,91837
pZWDH3XY2pI,Hum Hindustani || A Message On Humanity || Independence Day Special,2020-08-11 10:30:04+00:00,UC1awS02LXzIYVqlXAh5oqRw,Shehbaaz khan,23,2020-08-12 00:00:00+00:00,kiraak hyderabadiz|shehbaaz khan|imran khan immi|hyderabadi hindi comedy|hyderabad|deccani comedy|hyderabadi hindi|hyderabadi skit|hyderabadi sketch|tiktok|tik tok star|noor Bhai pan wale|noor bhai autowale|noor bhai politician|noor bhai ki gharwali|noor bhai ki comedy|noor bhai teacher|noor bhai baba|noor bhai series|Noor Bhai Fruit Wale|noor bhai jai hind|jai hind|hum hindustani|hindustani|independence day,352216,34674,2503,https://i.ytimg.com/vi/pZWDH3XY2pI/default.jpg,False,False,"Asslamualekum namaste adaam hello hi everyone here is  our independence day special video Hum Hindustani a beautiful message with kiraak comedy and laughters hope you people like this video if you like this video must like comment and share with your friends and family thank you so much for your love and support 😇  Jai Hind#IndependenceDay #JaiHind #NoorBhaiArtistsMamidi shiva kumarShehbaaz khanChotu bhaiAmer bin sayeedHyderabadi shahrukh khanAjaz khanSubscribe for more funny videos:
https://www.youtube.com/c/shehbaazkhan?sub_confirmation=1

Like on Facebook: https://bit.ly/2ods8oZ

Follow on Instagram: https://bit.ly/2nooc4V

Email - ayankhan.ak157@gmail.com",Comedy,67,10.56,2070000,510697366,547
k2AW9QfW3I8,"Kundali Bhagya | कुंडली भाग्य | Monday - Friday, 9:30PM | #NayeKalKiSunehriShuruwaat | Promo| Zee TV",2020-08-09 14:13:31+00:00,UCppHT7SZKKvar4Oc9J4oljQ,Zee TV,24,2020-08-12 00:00:00+00:00,zee tv|#zeetv|hindi serial|zee hindi shows|hindi shows|#entertainment|#drama|#comedy|#hindiserial|#hindishows|#hindi|#fullepisodes|zee full episodes|hindi full episodes|#onlineshows|zee popular shows|kundali bhagya|कुंडली भाग्य,1584985,12488,1084,https://i.ytimg.com/vi/k2AW9QfW3I8/default.jpg,False,False,"Kundali Bhagya | कुंडली भाग्य | Monday - Friday, 9:30PM | #NayeKalKiSunehriShuruwaat | Promo| Zee TV",Entertainment,100,0.86,97300000,114336137494,229971
TX1u3_Z5G08,NEW! Ep 2967 - Jethalal Drops Babita! | Taarak Mehta Ka Ooltah Chashmah | तारक मेहता का उल्टा चश्मा,2020-08-10 15:45:00+00:00,UCnSFZ-olBoLGLRUS_3RI2Aw,Taarak Mehta Ka Ooltah Chashmah,24,2020-08-12 00:00:00+00:00,Taarak Mehta Ka Ooltah Chashmah|तारक मेहता|taarak mehta latest episode|hindi comedy show|sab tv funny show|taarak mehta funny|Babita and Jethalal funny|popatlal comedy|taarak mehta comedy|taarak mehta comedy scenes|bhide comedy scenes|jethalal babita funny|funny taarak mehta videos|tarak maheta ka ulta chasma|jethalal|babita|sonu tmkoc|tmkoc|india comedy show|indian tv show|tapu sonu|daya|jetha bhide|jetha daya|tapu sena|taarak episode|tmkoc ep 2967,5074028,82719,2852,https://i.ytimg.com/vi/TX1u3_Z5G08/default.jpg,False,False,"Click here to Subscribe to Taarak Mehta Ka Ooltah Chashmah Official Channel: https://www.youtube.com/taarakmehtakaooltahchashmah?sub_confirmation=1 Click here to watch all your favorite Episode videos: https://www.youtube.com/watch?v=gqFEadNxmd8&list=PLPbh-P_C0BzRYOkpGxKL-6QmvYSL_ZuCu We bring to you the best videos from your favorite show Taarak Mehta Ka Ooltah Chashmah. So, get your daily dose of laughter with Jethalal, Taarak Mehta, Daya, Champaklal and their neighbors in Gokuldham Society.About Taarak Mehta Ka Ooltah Chashmah:--------------------------------------------------------------------The show is inspired from the famous humorous column 'Duniya Ne Undha Chasma' written by the eminent Gujarati writer Mr. Tarak Mehta. This story revolves around daily happenings in Gokuldham Co-operative Society and covers topical issues which are socially relevant. The show predominantly - revolves around 'Jethalal' (Dilip Joshi) who is an uneducated Gujarati businessman. Your 'Taarak Mehta' (Shailesh Lodha), is his neighbor. 'Jethalal' finds a friend and philosopher in 'Taarak Mehta' and often goes to him for advice whenever he is in trouble. Jethalaal's family includes his simpleton wife 'Daya Ben' (Disha Wakani) and a mischievous son 'Tapu' (Bhavya Gandhi / Raj Anadkat). Tapu is a menace and a constant source of trouble to all the members of Gokuldham. They have often warned 'Jethalal' to reform 'Tapu' or else be prepared to leave the premises. Lost hopes of being heard by his son push Jethalaal' to call his father 'Champaklal' (Amit Bhatt) from the village. This was his great idea of leashing some control over the mischievous Tapu. The opposite happens and the grandfather joins hands with the grandson to make life a roller coaster troublesome ride for Jethalal.Cast:---------Dilip Joshi as Jethalal Champaklal GadaDisha Vakani as Daya Jethalal GadaRaj Anadkat / Bhavya Gandhi as Tipendra Jethalal Gada (Tapu) Amit Bhatt as Champaklal Jayantilal GadaShailesh Lodha as Taarak MehtaNeha Mehta as Anjali Taarak MehtaTanuj Mahashabde as Krishnan Subramaniam IyerMunmun Dutta as Babita Krishnan IyerMandar Chandwadkar as Aatmaram Tukaram BhideSonalika Joshi as Madhvi Aatmaram BhideNidhi Bhanushali / Palak Sidhwani as Sonalika Aatmaram Bhide (Sonu) Gurucharan Singh as Roshan Singh Harjeet Singh SodhiJennifer Mistry Bansiwal as Roshan Kaur Roshan Singh SodhiKavi Kumar Azad / Nirmal Soni as Dr. Hansraj Hathi Ambika Ranjankar as Komal Hansraj HathiKush Shah as Gulabkumar Hansraj Hathi (Goli)Shyam Pathak as Popatlal PandeySharad Sankla as AbdulAzhar Shaikh as Pinku Produced By: Neela Asit Modi, Asit Kumarr Modi Special Thanks: Mahesh Vakil, Indu Tarak MehtaSet Design: Jayant DeshmukhCreative Consultant: Dayashankar PandeyOn-Air Promotion  ( SAB): SAB OAPCostume Designer: Alka MehtaCostume Stylist: Ekta BrahmbhattSound Recordist: Shakeel Mansuri Cameraman: Aamir ViraniProduction Head: Arvind MarchandeProduction Controler: Vinod ShishupalBackground Music: Sunil PatniOnline Editors: Vishal Tambe, Sandeep Singh Executive Producer: Jatin Yogesh BajajEditor: Dinesh GosaviCreative Supervision ( Post Production): Krunal KhakhkharProgramming Team: Vinod Rao, Leanne DemeloProject Head: Sohil RamaniWritten By: Ashok ParmarDirectors: Harshad Joshi, Malav Suresh RajdaTelevision Adaptation and Designed By: Asit Kumarr ModiMore Useful Links : * Like us on Facebook : http://www.facebook.com/tmkoc.sabtv* Follow us on Instagram : http://www.instagram.com/tmkoc_ntf * Follow us on Twitter : http://www.twitter.com/tmkoc_ntf* Visit us at : http://www.tmkoc.com#tmkoc #taarakmehta #tmkocsmileofindia",Entertainment,99,1.69,34900000,39057182347,23535
y80uOMCIVFE,Sarkaru Vaari Paata Motion Poster | Mahesh Babu | Parasuram Petla | Thaman S,2020-08-09 03:39:02+00:00,UCKZSn5C-RzrLjuWJF8wWiDw,Mythri Movie Makers,24,2020-08-12 00:00:00+00:00,Sarkaruvaari Paata Motion Poster|Sarkaruvaari Paata Song|Sarkaruvaari Paata|Sarkaruvaari Pata Movie|Happy Birthday Mahesh Babu|#HBDMaheshBabu|Mahesh Babu Sarkaaruvaari Pata|Mahesh Babu Latest Movie|Srakaruvaari Paata Songs|Mahesh Babu New Movie|Sarkaruvaari Pata Teaser|Sarkaruvaari Paat Trailer|Sarkaruvaari Paata Songs|Thaman S|Parasuram|Mythri Movie Makers|Mahesh Babu new Movie Trailer|Mahesh Babu Latest Movie Songs|Sarkaruvaari paata first look,3385984,183646,9337,https://i.ytimg.com/vi/y80uOMCIVFE/default.jpg,False,False,"Mahesh Babu Birthday Special Motion Poster From Sakaru Vaari Paata Movie on Mythri Movie Makers. Sarkaru Vaari Paata is an upcoming Telugu movie ft. Super Star Mahesh Babu. Directed by Parusuram, Music Composed by Thaman S. Produced by Naveen Yerneni, Y Ravi Shankar, Ram Achanta, and Gopi Achanta under Mythri Movie Makers, 14 Reels Plus respectively and GMB Entertainments banners.#HBDMaheshBabu #SarkaruVaariPaata #SarkaruVaariPaataMotionPoster  #HappyBirthdayMaheshBabu #MaheshBabu #ThamanS #Parasuram #MythriMovieMakers #14ReelsPlus #GMBEntertainments Movie Details:Movie Name- Sarkaru Vaari  Paata Starring- Super Star Mahesh BabuSong Composed by - Thaman S Lyrics - Anannth Sriram Singer - Haarika Narayan Vocal supervisor - Sri krishna Programmed & Arranged by - Thaman S Recorded at SAL & V studios by Saketh Komanduri & Osho V Additional programming- SiDdhanth & Osho V Trumpets - Babu Mixed & mastered by - Shadab Rayeen at NEW EDGE ( Mumbai ) & NEW EDGE (NY) Assisted by - Abhishek Musicians Coordinator - Manigandan Studio Assistance - Seennu Kannan & LingamProduced By: Naveen Yerneni, Y Ravi Shankar, Ram Achanta and Gopi Achanta under Mythri Movie Makers, 14 Reels Plus respectively and GMB Entertainments banners.Directed by: Parasuram PetlaClick here to watch:Uppena First Wave: https://youtu.be/ZiNhfv0F4DY#AA20 Movie Launch : https://youtu.be/cs_drz6Ps5IRangasthalam Full Video Songs 4K : http://bit.ly/2tUdUsDRangasthalam Songs Making : http://bit.ly/2KXeo8BSrimanthudu Full Movie : https://youtu.be/LS6XiINMc2sJanatha Garage Full Movie : https://youtu.be/_Nq2m5LRQ3gPanja Vaisshnav Tej Debut Movie Launch:https://youtu.be/_5OjYjB80goFor more updates about Sarakaruvaari Paata Movie & Mythri Movie Makers:Like - https://www.facebook.com/MythriMovieMakersSubscribe - https://goo.gl/eJiVktTwitter - https://twitter.com/MythriOfficialInstagram: https://instagram.com/MythriOfficial",Entertainment,76,5.7,5280000,3035772630,2869
lw4ZqLZSBow,RAJA'S FACE REVEAL | Choudhary Family | Vivek Choudhary | Khushi Punjaban,2020-08-11 09:15:45+00:00,UCQypnkDmsoAQaIPaycP28Xw,Mr & Mrs Choudhary,22,2020-08-12 00:00:00+00:00,tiktok|couple|cutecouple|vivekchoudhary|khushipunjaban|corona|covid|jaat|choudhary|trendingcouple|romance,4356422,438816,47039,https://i.ytimg.com/vi/lw4ZqLZSBow/default.jpg,False,False,Brand collabration- vivekarya.va@gmail.comGaming Channel- https://www.youtube.com/channel/UC5HrYEDiA1ryRoHK-KZ5Y1ABavjit- https://www.youtube.com/channel/UClrsat5cIXgO4XscEToAcwwRaja- https://www.instagram.com/raja_choudhary04/Vivek- https://www.instagram.com/vvkchoudharyy/Khushi- https://www.instagram.com/khushi.vivekchoudhary/Maa- https://www.instagram.com/anita_chouudhary/Papa ji- https://instagram.com/mahikarsingh/didi- https://instagram.com/nishuchoudharyy/komal- https://www.instagram.com/simranjitkaur_03/Bav- https://www.instagram.com/bavjitsingh27/#Vivekchoudhary #Khushipunjaban #ChoudharyFamilyFACEBOOKhttps://www.facebook.com/vvkchoudharyy,People & Blogs,73,11.15,5600000,2314554398,1967
_3XgkvIQ3iA,TUITION CRUSH 🔥 || HUNNY SHARMA || PART 1 || Lovestory,2020-08-11 13:34:46+00:00,UCrZAk8NGdX_poApOHyhKjzA,Hunny Sharma,24,2020-08-12 00:00:00+00:00,HUNNY SHARMA|SHUBHAM|HUNNY SHARMA NEW VIDEO|HS VLOG|SWAGGER SHARMA|HUNNY SWAGGER|DESI DOREMON|PART 2|PART|Usa|Uk|RESULT|RESULT KI TENSION|TRUE STORY|CRUSH|SWAGGER SHARMA CRUSH|TUITION CRUSH|SCHOOL CRUSH|LOVE STORY|CRUSH KI LOVESTORY|PYAR DOSTI HAI|LOVEYOU|FRIENDSHIP,233429,30260,3425,https://i.ytimg.com/vi/_3XgkvIQ3iA/default.jpg,False,False,"SCHOOL OR TUITION KA PHLA PYAR KAISA HOTA HOTA HAI.... !! AAPKA KAISA THA COMMENT MEI BATANA ZARUR..! CASTHUNNY, YASH, NIKKI, ANU, NITISH, dhruvHSVLOGS :- https://www.youtube.com/channel/UCdy0WxveYwpQempYszFBjCwFollow me also on :-Instagram - https://www.instagram.com/HUNNYSHARMA02Facebook - https://www.facebook.com/HUNNYSHARMASnapchat : HunnyshubhamTwitter :- HunnysharmaaWritten By :- HUNNY SHARMA Dialogues:- HUNNY SHARMA , YASH CHOPRADirected By : Hunny Sharma  Thumbnail : Raj sharma D.O.P.-  NITISH GOEL , SHIVAM SHARMA, DJ SUNNYProducer- HUNNY SHARMA color grading :- Raj sharmaEditing - Hunny Sharma & Raj Sharma",Entertainment,54,14.43,2250000,267305143,164
8QiOt2oxyTQ,When 10R meets NINJA H2 !!,2020-08-10 08:30:01+00:00,UCayDJ8tjhgm7TaUY9eechmA,Jaysn Nation,22,2020-08-12 00:00:00+00:00,js films|jaysn nation|jasminder singh|js films second channel|js films delhi|ninja h2|kawasaki ninja h2,848286,58734,1546,https://i.ytimg.com/vi/8QiOt2oxyTQ/default.jpg,False,False,Main Channel: https://bit.ly/2LFlBfDI am more active on the following accounts ;)Instagram: http://bit.ly/2TI7BpUFacebook: http://bit.ly/33cbk2dTwitter:  http://bit.ly/3aRH8MGPersonal website: http://bit.ly/2IG94qx,People & Blogs,26,7.11,341000,15476634,103
hw2cMOJ6g7I,DIPIKA’S BIRTHDAY CELEBRATION PART 2 | ALL THAT I COULD DO TO MAKE HER FEEL SPECIAL | SHOAIB IBRAHIM,2020-08-09 11:17:55+00:00,UC8ZRiu_mBJwuMHcdIpKjTfA,Shoaib Ibrahim Official,22,2020-08-12 00:00:00+00:00,shoaibibrahimoffical|dipikakakaribrahim|shoaibibrahimyoutubechannel|shoaib|shoaibdipika,2630459,134126,9424,https://i.ytimg.com/vi/hw2cMOJ6g7I/default.jpg,False,False,#dipikasbirthdaycelebratoion #shoaibibrahim #shoaibibrahimofficial #birthday #singing #shoaika #dipikakakaribrahim For more updates follow me on Instagramhttps://instagram.com/shoaib2087?igshid=1k95o1rhs07ko,People & Blogs,100,5.46,3710000,1562913846,653
r99vRnrEgVE,Babbal Rai: Ae Kaash (Full Song) Simran Hundal | Maninder Kailey | Desi Routz | Latest Punjabi Songs,2020-08-09 09:31:28+00:00,UCcvNYxWXR_5TjVK7cSCdW-g,T-Series Apna Punjab,10,2020-08-12 00:00:00+00:00,new song|latest song|songs 2020|new songs|latest songs|punjabi songs|punjabi bhangra|punjabi songs new|punjabi songs latest|punjabi song status|punjabi song dj|punjabi|latest punjabi songs 2020|latest punjabi songs|new punjabi songs|latest song 2020|latest punjabi song,6714375,202020,6609,https://i.ytimg.com/vi/r99vRnrEgVE/default.jpg,False,False,Presenting latest punjabi song Ae Kaash sung by Babbal Rai Ft. Simran Hundal. The music of new punjabi song is given by Desi Routz while lyrics are penned by Maninder Kailey. Enjoy and stay connected with us !!JioSaavn: https://bit.ly/AeKaash-JioSaavnSpotify: https://bit.ly/AeKaash-SpotifyHungama: https://bit.ly/AeKaash-HungamaGaana: https://bit.ly/AeKaash-GaanaApple Music: https://bit.ly/AeKaash-AppleMusicAmazon Prime Music: https://bit.ly/AeKaash-AmazonPrimeMusicWynk: https://bit.ly/AeKaash-WynkResso: https://bit.ly/AeKaash-RessoiTunes: https://bit.ly/AeKaash-iTunesGoogle Play: https://bit.ly/AeKaash-GooglePlaySong: Ae KaashSinger: Babbal RaiMusic: Desi RoutzLyrics: Maninder KaileyVideo: Navjit ButtarMusic Label: T-Series---------------------------------------------------------------Connect with T-SERIES APNAPUNJAB----------------------------------------------------------------For Latest Punjabi video's and songs stay connected with us!! SUBSCRIBE - http://www.youtube.com/tseriesapnapunjabFollow Us on TikTok - http://bit.ly/TseriesApnaPunjabTikTokLIKE US - http://www.facebook.com/tseriesapnapunjabInstagram - https://www.instagram.com/tseriesapnapunjabofficial,Music,100,3.11,40900000,28889390530,9591
OZBGEjij094,KYA BAAT AA | VLOG | KARAN AUJLA | TANIA |   SUKH SANGHERA | DESI CREW | REHAAN RECORDS,2020-08-11 09:47:34+00:00,UCJ4NUXlZF2RoRK3N1K4HoRw,Sukh Sanghera,1,2020-08-12 00:00:00+00:00,karanaujala|sidhumoosewala|kyabaate|mankirtaulakh|paapimunda|ajjkal|nimratkhaira|rnait|dilpreetdhillon|doctor|chittakurta|haanhaigeaa|clash|diljitdosanjh|diljot|goat|geetandimachine|geetan|sukh|peed|hottodsy|kids|netflix|offline|jattijandi|kambi|jatti,766658,70544,3267,https://i.ytimg.com/vi/OZBGEjij094/default.jpg,False,False,"You Can Contact Us

Email - ten.plusone@hotmail.com
Ph- 001-7785525143
Website - tenplusonecreations.com

10+1 Creations Was Founded By Sukh Sanghera, In The City Of Abbotsford, B.C. Canada. Sukh Sanghera Has Been A Video Director/Actor For The Past 7 Years. Sukh's Passion Lies Within Directing, And He Encompasses A Great Deal Of Knowledge And Excellent Skills In The Following Areas.
• Video Directing
• Camera Operating
• Video Editing



Click Here To Subscribe :- http://bit.ly/SubscribeSukhSanghera


Digitally Powered by - GK.DIGITAL
Instagram - https://www.instagram.com/GK.DIGITAL



Enjoy And Stay Connected With SUKH SANGHERA

Click to Subscribe - http://bit.ly/SubscribeSukhSanghera
Facebook - https://www.facebook.com/101-creations-260001336426
Instagram - https://instagram.com/SukhSanghera
SnapChat - https://www.snapchat.com/add/SukhSanghera",Film & Animation,87,9.63,355000,54187766,205
KtWgV3A1xBg,श्रीकृष्ण जन्माष्टमी 12 अगस्त 2020 को? जन्माष्टमी  व्रत कैसे शुरू करें?  Janmashtami 2020,2020-08-10 08:10:02+00:00,UCKCE5kyNy06AOTxOLKS2V5A,Asan Zindagi,26,2020-08-12 00:00:00+00:00,janmashtami vrat kab hai|janmashtami puja vidhi|janmashtami 2020 date|janmashtami kab hai 2020|janmashtami for grihastha 2020 date|janmashtami 2020|janmashtami 2020 date for all|janmashtami 2020 vrat date|janmashtami 2020 puja date,424680,7369,952,https://i.ytimg.com/vi/KtWgV3A1xBg/default.jpg,False,False,"Subscribe: http://bit.ly/2aQTQl3
FB: https://www.facebook.com/asanzindagi1",Howto & Style,89,1.96,1990000,444379861,1297
seaupYUjD3Q,BAARISH KA MAUSAM || Rachit Rojha,2020-08-08 06:18:59+00:00,UCwBlZvRTu3vasTWUE9U5wPw,Rachit Rojha,24,2020-08-12 00:00:00+00:00,rachit rojha|rachit rojha new video|rachit rojha latest video|baarish ka mausam|rainy season|baarish video|rain video|rain|baarish|job interview|bike|raincoat|side effects|clouds|cloths|wet|bijli|couples in rain|couple romance|romance in rain|rain dance|girlfriend|boyfriend|dance|romantic|reporters in rain|rain news|funny video|comedy video|rain comedy|people in rain|family during rain|chai|samosa|pakoda|kitchen|mother|father|comedy|water,3185071,66497,8983,https://i.ytimg.com/vi/seaupYUjD3Q/default.jpg,False,False,---------------------------------------------------------------------------------Follow me onInstagram: https://www.instagram.com/rachitrojha---------------------------------------------------------------------------------Script By - Aashish Bhardwajhttps://www.instagram.com/aashishbhardwajofficialCast :Rachit Rojha Aishwarya RawatLokesh BhardwajShivam SharmaSumit BhyanDinesh ChaudarySatish SharmaSuman SharmaShoot by - Dinesh ChaudaryBaarish By - Shivam SharmaManaged by-: Sociopool (Sociopool India Private Limited)Business Inquiries-: contact@sociopool.comLike Comment And Share !!,Entertainment,33,2.37,14900000,5105917598,277
OorLmt2USlc,The Software DevLOVEper || EP - 2 || Shanmukh Jaswanth Ft. Vaishnavi Chaitanya || Infinitum Media,2020-08-11 13:01:51+00:00,UCjbBFvK04b-O3foSNabdrOA,Shanmukh Jaswanth,24,2020-08-12 00:00:00+00:00,shanmukh jaswanth|shanmukh videos|shanmukh short films|shanmukh jaswanth videos|shanmukh jaswanth cover songs|shannu|loveralsofighteralso cover by shanmukh jaswanth|shanu|cast : shannu|shanmukh shannu|shannu funny video|vaishnavi chaitanya|pruthvi mukka|infinituim media|software devloveper|vaishnavi chaitanya shortfilm|The Software DevLOVEper || EP - 2|shannu software developer|shannu software meeting|shannu new video|software shanmukh|iddarammayilatho,629026,52890,4021,https://i.ytimg.com/vi/OorLmt2USlc/default.jpg,False,False,"SMASHIT LIVE is a social media application that allows creating, editing, and sharing videos in short form. SMASH IT rewards its users for engagements and interactions with an “in-app” currency called “Smash Points”AppStore - https://apps.apple.com/in/app/smashit-live/id1516223602#stayathome PlayStore - https://play.google.com/store/apps/details?id=com.smashitlive.smashitlivePlayStore https://play.google.com/store/apps/details?id=com.smashitlive.smashitliveAppStore https://apps.apple.com/in/app/smashit-live/id1516223602 The Software DevLOVEper  is a Telugu Comedy WebSeries Featuring Shanmukh Jaswanth & @Vaishnavi Chaitanya  as leads.Cast:- Shanmukh Jaswanth, @Vaishnavi Chaitanya  , @Pruthvi Mukka   & Jhakaas pruthvi.Written & Directed by - Subbu .KEditor:-  Krishna Karthik VunnavaCinematography & DI - Vasmshi Srinivas Sound engineer - Kp KalidindiTitle and poster designer - HarinathExecutive producer - Sathwik G.RoyPowered by #Infinitum Network Solutions.#ShanmukhJaswanth Famously known as  Shannu is Telugu comedy & Entertainment Youtube Content Creator. we upload the latest Telugu comedy videos.This is produced by Infinitum media.#Vaishnavi chaitanya",Entertainment,97,9.05,4870000,724589903,119
DabPeLa7kWU,Face To Face With Sarileru Neekevvaru Fight Spoof Director Kiran and Team | Ramana Load Ethali Ra,2020-08-11 10:23:46+00:00,UC4jYxQXFqB5q6INV6WEQC2A,INEWS,25,2020-08-12 00:00:00+00:00,iNews LIVE|iNews Telugu LIVE|iNews|inews live|inews|news live|live inews|LIVE INews|inews telugu live|LK Events|Ramana Load Ethali Ra|Sarileru Neekevvaru Fight Spoof Director Kiran|Face To Face With Sarileru Neekevvaru Fight Spoof Director Kiran|Sarileru Neekevvaru Fight Spoof|ramana load ethali raj spoof|Face To Face With Sarileru Neekevvaru Fight Spoof Director|Nellore,336448,0,587,https://i.ytimg.com/vi/DabPeLa7kWU/default.jpg,False,True,"చిచ్చర పిడుగులు..!  | Face To Face With Sarileru Neekevvaru Fight Spoof Director Kiran and Team | Ramana Load Ethali Ra | iNews#iNews is a 24/7 Telugu News television channel dedicated to Live reports, breaking and sports news, entertainment gossips & exclusive interviews, political debates and current affairs.

For all top and best news stories from INews SUBSCRIBE to https://www.youtube.com/user/INews?sub_confirmation=1

Like us @ Facebook: http://facebook.com/inews
Follow us @ Twitter: https://twitter.com/iNewsofficial
Follow us on Google Plus @ https://plus.google.com/+iNewsofficial
Visit: http://inewslive.net/",News & Politics,97,0.17,1420000,717967291,157147
3DOCqsFUDSg,जन्माष्टमी स्पेशल : जन्मे है कृष्ण कन्हाई | Janme Hai Krishan Kanhayi | Janmashtmi Special 2020 |,2020-08-10 23:00:00+00:00,UC3oQ1986eLZ4MhyPBiu54PA,Sonotek Bhakti,10,2020-08-12 00:00:00+00:00,bhajan|bhakti ras|kirtan|sonotek bhakti|bhakti|जन्माष्टमी स्पेशल|जन्मे है कृष्ण कन्हाई|Janme Hai Krishan Kanhayi|Janmashtmi Special 2020|Janme|Janme Hai Krishan 2020|Janme Hai Krishan Kanhai new Song 2020|janme hai krishna kanhai status|janme hai krishna kanhai status2020|Bhakti|Krishan Bhakti|janme hai krishn kanhayi|janme hai krishan kanhayi song|janme hai krishn kanhayi 2020|krishna ji janme hai krishan kanhayi,3146182,12792,925,https://i.ytimg.com/vi/3DOCqsFUDSg/default.jpg,False,False,"Title - जन्मे है कृष्ण कन्हाई
Artist : Vanshika ThukralSinger :- Rakesh KalaAlbum :- Krishna Bal LilaSonotek Owner:- Hansraj Railhan
Office Number:- 011-23268079

Music Label & Copyrights :- Sonotek Bhakti

Mail Us :-sonotekaudio@gmail.com

Contact Company (Person) :- Leela Krishan Ji +91-9212183337

---------------------------------------------------------------------------------------------------------

Enjoy and stay connected with us!!

Subscribe Sonotek Bhakti channel for unlimited entertainment :-
https://www.youtube.com/channel/UC3oQ1986eLZ4MhyPBiu54PA

Circle us on G+ :-
https://plus.google.com/+sonotek

Click Here Website :-
http://www.sonotekcassette.com",Music,97,0.44,15800000,4772599386,10184
iRlIUrcKJa8,7 AM | ETV Telugu News | 12th Aug 2020,2020-08-12 02:24:50+00:00,UC6ickpgDIsltU_-8CbZaksQ,ETV Telangana,25,2020-08-12 00:00:00+00:00,ETV|ETVTelugu|ETV NewsVideo|National News Video|ETV World|ETV andhravani|andhravaniVideo|ETV Talkies|Etv11|Etv andhra pradeshNews|andhravani|Etv Ghantaravam|Etv11 india|Telugu News|Etv AP|AP News|AP|Etv Telugu|Etv News Live Video|Etv Sakhi|Etv Sukhibhava|Health Magazine|Health Show|Etv Margadarsi|ETV Aaha|Latest News Videos|Munrdhadugu|Lakshyam|ETV Telangana|Telangana News|Telangana Latest News|Telangana Updates|ETV Live|Live TV|latest News,213515,2500,90,https://i.ytimg.com/vi/iRlIUrcKJa8/default.jpg,False,False,7 AM | ETV Telugu News | 12th Aug 2020#EtvNews#NewsHeadlines#EtvTeluguIndiaTo watch your ETV all channel’s programmes any where any time Download ETV Win App for both Android & IOS: https://f66tr.app.goo.gl/appsETV Telugu(Youtube) - http://bit.ly/2QR0yu9  Facebook - http://bit.ly/2L2GYYhETV Jabardasth(Youtube) - http://bit.ly/35xdqtuETV Dhee(Youtube) - http://bit.ly/2Ok8zWFETV Plus India(Youtube) - http://bit.ly/2OlEAOgFacebook - http://bit.ly/2DudC0tETV Abhiruchi(Youtube) - http://bit.ly/2OkEtTbFacebook - http://bit.ly/2OSrIhvETV Life(Youtube) - http://bit.ly/2OiKAY6Facebook - http://bit.ly/34tiqzkETV Telangana(Youtube) - http://bit.ly/33nRaAKFacebook - http://bit.ly/37GkVQFETV Andhra Pradesh(Youtube) - http://bit.ly/2OKARZzFacebook - http://bit.ly/2R0vs3k► Like us on Facebook : https://www.facebook.com/etvwin► Follow us on Instagram : https://www.instagram.com/etvwin/► Follow us on Twitter : https://twitter.com/ETV__Win► Visit Website : https://www.etvwin.com/► Pin us on Pinterest: https://in.pinterest.com/etv_win/#EtvNews#NewsHeadlines#EtvTeluguIndiaTo watch your ETV all channel’s programmes any where any time Download ETV Win App for both Android & IOS: https://f66tr.app.goo.gl/appsETV Telugu(Youtube) - http://bit.ly/2QR0yu9  Facebook - http://bit.ly/2L2GYYhETV Jabardasth(Youtube) - http://bit.ly/35xdqtuETV Dhee(Youtube) - http://bit.ly/2Ok8zWFETV Plus India(Youtube) - http://bit.ly/2OlEAOgFacebook - http://bit.ly/2DudC0tETV Abhiruchi(Youtube) - http://bit.ly/2OkEtTbFacebook - http://bit.ly/2OSrIhvETV Life(Youtube) - http://bit.ly/2OiKAY6Facebook - http://bit.ly/34tiqzkETV Telangana(Youtube) - http://bit.ly/33nRaAKFacebook - http://bit.ly/37GkVQFETV Andhra Pradesh(Youtube) - http://bit.ly/2OKARZzFacebook - http://bit.ly/2R0vs3k► Like us on Facebook : https://www.facebook.com/etvwin► Follow us on Instagram : https://www.instagram.com/etvwin/► Follow us on Twitter : https://twitter.com/ETV__Win► Visit Website : https://www.etvwin.com/► Pin us on Pinterest: https://in.pinterest.com/etv_win/,News & Politics,38,1.21,2930000,2496580504,351642
x-kLx62GIMU,Tara Tarini | Full Ep 791 | 10th Aug 2020 | Odia Serial – TarangTV,2020-08-11 15:30:02+00:00,UCnm5DH0oJndtA-6J10_jIEw,Tarang TV,24,2020-08-12 00:00:00+00:00,tarang|tarang tv|tarang tv online|tarang tv serial|odia tarang tv serial|tarang tv show|taranga channel|tarang tv channel|odia tarang channel|odia serial|odia serial video|odia channel|odia tv channel|odia tv show|Maaya|Kalijai|kuanribohu|nuabohu|sindura ra adhikar|durga|tara tarini|savitri|gadbad,579497,4553,95,https://i.ytimg.com/vi/x-kLx62GIMU/default.jpg,False,False,"►SUBSCRIBE to TarangTV Channel for more Odia Mega Serial, Odia Reality Show, and Odia Devotional Show on every day:  ► https://goo.gl/QgkQLb►Like us on Facebookhttps://www.facebook.com/tarangtv ►Follow us on Twitterhttps://twitter.com/tarangtvodisha►Follow us on Instagramhttps://www.instagram.com/tarangtv/►Tune your Favourite Show Anywhere Anytime only on TarangPlus Download The App NOW► http://onelink.to/b7xcpwVisit Our Website► http://bit.ly/TarangPlusWebsiteVisit our TarangTV website for further details: www.tarangtv.in",Entertainment,66,0.8,11000000,24980488202,90064
m2vyP3urfvA,കരിപ്പൂർ വിമാന ദുരന്തം സംഭവിച്ചത് എങ്ങനെ ? | Augmented Reality | Karipur Flight Accident,2020-08-08 06:01:31+00:00,UCup3etEdjyF1L3sRbU-rKLw,24 News,25,2020-08-12 00:00:00+00:00,24onlive|24 News|kerala news live|kerala news today|malayalam breaking news|malayalam news|south indian news|exclusive news|24 news hd|latest news kerala|news videos|flowers 24 news live|today news|online news|political news|Flowers News|air india express crash|air india plane crash|airindia|airindiacrash|karipur|kerala plane crash|kozhikodeaircrash|plane crash|planecrash|table top runway|table top airport in kerala|table top runway landing,1416087,19815,1386,https://i.ytimg.com/vi/m2vyP3urfvA/default.jpg,False,False,ഏറ്റവും പുതിയ  വാർത്തകൾക്കായി സന്ദർശിക്കുക == http://www.twentyfournews.com  #24News #24newsaugmentedrealityWatch 24 - Live Any Time Anywhere Subscribe 24 on YouTube. https://goo.gl/Q5LMwvFollow us to catch up on the latest trends and News.Facebook   : https://www.facebook.com/24onliveTwitter        : https://www.twitter.com/24onliveInstagram  : https://www.instagram.com/24onlive,News & Politics,88,1.5,8030000,7679075605,346617
jbGRowa5tIk,ITZY “Not Shy” M/V TEASER,2020-08-11 15:00:13+00:00,UCaO6TYtlC8U5ttz62hTrZgg,JYP Entertainment,10,2020-08-12 00:00:00+00:00,JYP Entertainment|JYP|ITZY|있지|ITZY Video|ITZY Yeji|ITZY Lia|ITZY Ryujin|ITZY Chaeryeong|ITZY Yuna|있지 예지|있지 리아|있지 류진|있지 채령|있지 유나|예지|리아|류진|채령|유나|Yeji|Lia|Ryujin|Chaeryeong|Yuna|ITZY BEHIND|ITZY VIDEOS|ITZY DEBUT|있지 데뷔|not shy|ITZY not shy|ITZY TEASER|있지 티저|not shy 티저|있지 뮤비 티저|not shy 뮤비 티저|ITZY MV TEASER|ITZY MV|M/V|TEASER|있지 컴백|ITZY COMEBACK|not shy MV|낫샤이 뮤비|낫샤이|not shy opening trailer|opening trailer,6000070,714292,31048,https://i.ytimg.com/vi/jbGRowa5tIk/default.jpg,False,False,ITZY Not Shy M/V[ITZY Official] https://www.youtube.com/c/ITZYhttps://www.instagram.com/itzy.all.in.us/http://www.twitter.com/ITZYOfficialhttp://www.facebook.com/OfficialITZYhttp://ITZY.jype.comhttp://fans.jype.com/ITZY#ITZY #NotShy #ITZY_NotShyCopyrights 2020 ⓒ JYP Entertainment. All Rights Reserved,Music,25,12.42,31800000,26711606726,2678
UO1slw-ApI8,Saaley ki Shaadi in Boston | Vlog 04 | Lalit Shokeen Films,2020-08-11 04:48:19+00:00,UCsLOXfgwzeLAl9E-6Flu3Bg,LShokeen Films,23,2020-08-12 00:00:00+00:00,lalit shokeen|saaley ki shaadi in boston|lshokeen films|saaley ki shaadi|indian wedding|nri wedding|haryanvi husband|punjabi wife|boston vlog|punjabi wedding,464583,34282,3213,https://i.ytimg.com/vi/UO1slw-ApI8/default.jpg,False,False,Bahut hi unique Shaadi hui mere Saaley ki Boston mein.. This is the fourth Vlog of 15 Vlogs in 30 days Challenge. Watch till end and Enjoy! #lalitshokeen #15Vlogs30days #bostonVLOG 01 link: https://youtu.be/1NhM-wFdheMVLOG 02 link: https://youtu.be/_UrJWHRsQ-UVLOG 03 link: https://youtu.be/d1lQ0tuvfeMContact for advertising and business enquiries:Email: lshokeenfilms@gmail.com            lalit.shokeen@gmail.comFollow us for daily updates:INSTAGRAM  @lalitshokeen1515Twitter @lalitshokeenFacebook Page: LShokeen FilmsSnapchat: lalit.shokeen,Comedy,58,8.07,3480000,911706076,370
x_Nv4xYi8zI,Never Have I Ever | Ishaani Krishna,2020-08-10 10:28:51+00:00,UCDIuIf4lKDneweAYP1ZhDiQ,Ishaani Krishna,22,2020-08-12 00:00:00+00:00,[None],175277,10481,1705,https://i.ytimg.com/vi/x_Nv4xYi8zI/default.jpg,False,False,#ishaanikrishna#neverhaveiever#latestvideo,People & Blogs,35,6.95,919000,366264170,274
7Mz71xlUlw8,I Surprised my Friends With NINJA H2!!,2020-08-10 08:30:14+00:00,UC0VN6My1ueOFXDTgzMZSSNQ,JS Films,22,2020-08-12 00:00:00+00:00,JS Films|Vlogger|youtuber|jaysn|jasminder singh|delhi youtubers|youtubers india|indian youtubers|content creators|vlog|vlogs|daily vlogs|superbikes|hayabusa|ktm duke 390|kawasaki|zx10r|suzuki|lifestyle vloggers|motovloggers|desi vlogs|hinglish|delhi|india,1063382,89781,2892,https://i.ytimg.com/vi/7Mz71xlUlw8/default.jpg,False,False,Please Subscribe to our second channel: https://www.youtube.com/channel/UCayDJ8tjhgm7TaUY9eechmAGet my favorite Mivi Products:Collar Bluetooth earphone: https://mivi.shop/35jyzXHThunderbeats Wireless Earphones: https://mivi.shop/2SN9kdGRoam Bluetooth Speaker: https://mivi.shop/39zFbEDMoonstone Bluetooth Speaker: https://mivi.shop/37peWPoI am more active on the following accounts ;)Instagram: http://bit.ly/2TI7BpUFacebook: http://bit.ly/33cbk2dTwitter:  http://bit.ly/3aRH8MGPersonal website: http://bit.ly/2IG94qxCorona Anthem (Music Video): https://www.youtube.com/watch?v=5fjmM1dX8oQ,People & Blogs,38,8.71,3480000,919641460,2167
hi0301FRL3g,Ek Tarfa Reprise - Darshan Raval | Official Music Video | Romantic Song 2020 | Indie Music Label,2020-08-10 04:30:10+00:00,UCdNZZ9znjaiOXNi004mHxSg,Indie Music Label,10,2020-08-12 00:00:00+00:00,Ek Tarfa Reprise 2020|New Ek Tarfa Reprise Song|Darshan Raval New Song|Latest Song 2020|New Hindi Song 2020|Sad Romantic Song|Romantic song 2020|Darshan Ek Tarfa Reprise|darshan raval|Ek Tarfa darshan|Ek Tarfa Reprise songs|ek tarfa reprise darshan raval songs|Ek Tarfa reprise status|darshan raval song|darshan raval songs|darshan raval songs 2020|Ek tarfa repirse full song|romantic hindi songs|ek tarfa|ik tarfa|ek tarfa reprise version|ek tarfa reprise,1712816,197169,25854,https://i.ytimg.com/vi/hi0301FRL3g/default.jpg,False,False,"True love is never about possession. Unrequited love is definitely killing yourself without dying. Most of us have gone through this despair some time in life. Darshan Raval lives this experience with his latest single “ EK Tarfa Reprise”An E Positive Entertainment ProductionSubscribe to Indie Music Channel: http://bit.ly/IndieMusicLabelPowered By: Indie Music Label Website: http://indiemusiclabel.in/Listen & Download Ek Tarfa - Reprise :Gaana : https://gaana.com/song/ek-tarfa-repriseWynk : https://wynk.in/u/vaDV6e3cMJioSaavn : https://www.jiosaavn.com/song/ek-tarfa---reprise/PgUOAzgDQHkSpotify : http://open.spotify.com/album/2ZT0dwfeV9YWP3K8HH957aAmazon Prime Music : https://music.amazon.in/albums/B08FB2W1FG?ref=dm_sh_3d22-4ef1-dmcp-2453-548d5&musicTerritory=IN&marketplaceId=A21TJRUUN4KGVHungama : https://www.hungama.com/album/ek-tarfa-reprise/55698529/Apple Music : https://music.apple.com/in/album/ek-tarfa-reprise-single/1526791354Google play : https://play.google.com/store/search?q=Ek%20Tarfa%20-%20Reprise&c=musicIndie Music Label Content Head : Gaurav ChawlaIndie Music Label Digital Head : Vishal BhendeFor Live Shows and  Brand Inquiries:Devica Gomes / Jyoti Pdevica@epositiveentertainment.comjyoti@epositiveentertainment.comwww.epositiveentertainment.comSong name : Ek Tarfa - RepriseSinger & Composer : Darshan Raval Lyrics : Youngveer Music production : Anmol DanielGuitars and strokes : Shomu Seal Flute : Paras NathMixed and Mastered by  Himanshu ShirlekarVocals Recorded at DZ StudioVideo CreditsDirector & DOP : Dhruwal PatelCast : Darshan RavalAssistant Director : Avish Patel, Deep PanchalStill Photography : Deep PanchalDigital Distribution: KGV Kiran Kumar & Team ( Believe India )Legal Consultant : Priyanka Khimani (Anand and Anand & Khimani) Indie Music Digital Team : Avish PatelFacebookhttps://www.facebook.com/indiemusiclabel.inTwitterhttps://twitter.com/indiemlabelInstagramhttps://www.instagram.com/indiemusiclabel",Music,96,13.02,7850000,3017021285,204
Y-SYTf7jtnM,Kurta Pajama (Full Video) Nirvair Pannu | R Nait | Afsana | NehaMalik | GoldMedia | New Punjabi Song,2020-08-07 04:30:11+00:00,UC3fryLB2yC_5ImR9mEl1v-A,R Nait,10,2020-08-12 00:00:00+00:00,nait|sidhu|moosewala|gippy|grewal|punjabi|song|music|video|humble|jagirdar|tere|pind|2800|live|best|songs|kurta|pajama|kurta pajama|nirvair pannu|nirvair|pannu|afsana|khan|afsana khan|neha malik|neha|malik|mr|rubal|frame|singh|gold|media|nirvair pannu songs|new|latest|2020|new song|latest song,6862299,264056,18522,https://i.ytimg.com/vi/Y-SYTf7jtnM/default.jpg,False,False,"R Nait Music &  Satkaranvir Singh Khosa Presents🔔 Subscribe To Our Channel: http://goldmedia.digital/subscribe-rnaitBuy from I-Tunes: http://goldmedia.digital/kurtapajama-appleListen on Apple Music: http://goldmedia.digital/kurtapajama-appleListen on Spotify: http://goldmedia.digital/kurtapajama-spotifyListen on Gaana: http://goldmedia.digital/kilometer-gaanaListen on Wynk Music: http://goldmedia.digital/kurtapajama-wynkListen on Youtube Music: http://goldmedia.digital/kurtapajama-ytmusicListen on Resso App: http://goldmedia.digital/kurtapajama-ressoListen on JioSaavn: http://goldmedia.digital/kurtapajama-jiosaavnListen on Hungama: http://goldmedia.digital/kurtapajama-hungamaListen on Amazon Music: http://goldmedia.digital/kurtapajama-amazonSong Name - Kurta Pajama Singer - Nirvair PannuFemale Vocal - Afsana KhanLyrics-  R NaitMusic - Mr RubalMix / Master - B SanjVideo - Bediowale Frame SinghDirector -  Mohit Middha / Punnet S BediChief A.D. - Ramandeep SinghAssistant Directors - Shubham and PummaDop - Honey CamVisual Effects - FXcornerStudiosProject By - JatinderChoreographer - Sahil SharmaProduction - Yogesh ProductionsMakeup & Hair - Skipri and Karanveer SinghCostume Designer - Harsh KhullarEditing & DI - Prabh SainiConceived By - Virvinder Singh KakuSpecial Thanks - Dhillon Brothers, Ravinder Virk, RajinderOnline Promotion - Gold Media EntertainmentOnline Promotion - Being DigitalPublicity Design - Impressive Design StudioOnline Promotion & Digital Distribution By Gold Media Entertainmenthttps://www.instagram.com/goldmediaa/ Mobile Number: +91-9988775720Enjoy & stay connected with us!► Subscribe to R Nait : http://goldmedia.digital/subscribe-rnait► Like us on Facebook: https://www.facebook.com/OfficialRNait1► Follow us on Twitter: https://twitter.com/RNaitOfficial► Follow us on Instagram: https://instagram.com/official_rnait► Follow on Snapchat: https://www.snapchat.com/add/r-nait",Music,100,4.12,4850000,1902073095,629
dA5E_IKioR8,Finally bought my DreamBike - Ninja H2,2020-08-08 12:30:12+00:00,UC0VN6My1ueOFXDTgzMZSSNQ,JS Films,22,2020-08-12 00:00:00+00:00,JS Films|Vlogger|youtuber|jaysn|jasminder singh|delhi youtubers|youtubers india|indian youtubers|content creators|vlog|vlogs|daily vlogs|superbikes|hayabusa|ktm duke 390|kawasaki|zx10r|suzuki|lifestyle vloggers|motovloggers|desi vlogs|hinglish|delhi|india,2670546,240426,15206,https://i.ytimg.com/vi/dA5E_IKioR8/default.jpg,False,False,How I actually bought it: https://www.youtube.com/watch?v=lh7QPjPpXasPlease Subscribe to our second channel: https://www.youtube.com/channel/UCayDJ8tjhgm7TaUY9eechmAGet my favorite Mivi Products:Collar Bluetooth earphone: https://mivi.shop/35jyzXHThunderbeats Wireless Earphones: https://mivi.shop/2SN9kdGRoam Bluetooth Speaker: https://mivi.shop/39zFbEDMoonstone Bluetooth Speaker: https://mivi.shop/37peWPoI am more active on the following accounts ;)Instagram: http://bit.ly/2TI7BpUFacebook: http://bit.ly/33cbk2dTwitter:  http://bit.ly/3aRH8MGPersonal website: http://bit.ly/2IG94qxCorona Anthem (Music Video): https://www.youtube.com/watch?v=5fjmM1dX8oQ,People & Blogs,38,9.57,3480000,919641460,2167
obsUSuWsODI,Sultaan - Punjabi Boys Ft. Big Ghuman & KS Makhan (Official Video) | Latest Punjabi Song 2020,2020-08-10 12:00:11+00:00,UCxn67ixCm0QFLoEtDibrPKQ,SULTAAN,10,2020-08-12 00:00:00+00:00,Sultaan|Sultan Dhillon|Sultaan dhillon|Sultan|beeba boys|og ghuman|latest punjabi song|new punjabi song|punjabi songs 2020|punjabi trap|punjabi boys|punjabi boys music video|sultaan dhillon|sultaan|sultan|sultaan songs|sultan songs|ks makhan songs|big ghuman songs,312118,29727,3976,https://i.ytimg.com/vi/obsUSuWsODI/default.jpg,False,False,"Punjabi Boys Official Music Video is OUT NOW 🔥🔥Beeba Boys Inc. proudly presents the Official Video of Latest punjabi song Punjabi Boys by SULTAAN Ft. Big Ghuman & KS Makhan !! Do LIKE ❤️😍, Comment & Share the song. Subscribe to the Official Channel of Sultaan for all new upcoming songs.Artists : Sultaan Dhillon, Big GhumanGuest Appearance : KS Makhan Prod. By : CavemanMix Mastered By : Soundproof StudiosVisuals By : Sangha AnmolDesigns By : KalakaarProject By : DesiVibes#PunjabiBoys #LatestPunjabiSong2020 #NewPunjabiSong2020©Beeba Boys Inc.Connect with Sultaan on Official Social Media Accounts :►Instagram : https://www.instagram.com/realsultaan/►Snapchat : https://www.snapchat.com/add/realsultaan/►Facebook : https://www.facebook.com/realsultaan/►Twitter : https://twitter.com/realsultaan/►Website : https://realsultaan.com/",Music,93,10.8,1390000,498541040,167
cRPCXy1i2IY,Jatt Jaffe (Official Video) Jassa Dhillon - Gurlej Akhtar | Gur Sidhu | New Punjabi Song 2020,2020-08-10 04:31:01+00:00,UColNRmGBE3dNzJ89zZZOh2Q,Brown Town Music,10,2020-08-12 00:00:00+00:00,jatt jaffe|jatt jaffe jassa dhillon|jatt jaffe gurlej akhtar|jassa dhillon|jassa dhillon song|gur sidhu|new punjabi song|new punjabi song 2020|new punjabi songs 2020|latest punjabi song 2020|latest punjabi songs 2020|punjabi|punjabi song|punjabi songs 2020|gurlej akhtar new song 2020|gurlez akhtar new song 2020|trending punjabi songs|new song 2020|jatt jaffe song,3822017,118927,15338,https://i.ytimg.com/vi/cRPCXy1i2IY/default.jpg,False,False,"Brown Town Music Presents New Song Jatt Jaffe By Jassa Dhillon Ft Gurlej Akhtar.Do Share your feedback in comments.Don't Forget To Subscribe Brown Town Music : http://bit.ly/subscribebrowntownmusic Jatt Jaffe - Play Online / Download Spotify : https://spoti.fi/31AXSEDApple Music : https://apple.co/2F3jIsNItunes: https://apple.co/2F3jIsNGoogle Play Music : https://bit.ly/3fMp2NUJioSaavn: https://bit.ly/3fH61MTWynk: https://bit.ly/3fJEzxSAmazon Music : https://amzn.to/30Mw9Cg Shazam: https://bit.ly/3fI9BX2Artist : Jassa Dhillon Ft Gurlej AkhtarLyrics : Jassa DhillonComposed : Jassa DhillonMusic : Gur SidhuMix Master : B SanjProducer : Nav SandhuVideo : Japjeet DhillonEdit : GobindpuriyaDigital Distribution : Gurvinder S BediPosters : Roop Kamal SinghInstagram Promotions : Boss Music Productions (Nav Sidhu)Special Thanks : Big mediaLabel : Brown Town MusicOnline Promotions : BTown Media Entertainment Instagram : https://www.instagram.com/btownmediaaEnjoy And Stay Connected With Artist || Jassa DhillonInstagram: https://www.instagram.com/jassadhillon1Facebook : https://www.facebook.com/jassadhillon...TikTok: https://vm.tiktok.com/J1Knc4f/Snapchat: https://www.snapchat.com/add/ijassadh...Stay Connect With Brown Town Music || For New Punjabi SongsYoutube : https://www.youtube.com/c/BrownTownMusicInstagram : https://www.instagram.com/BTownMediaaPhone Enquiries : +16479047002 Website : http://www.browntownmusic.comEmail : info@browntownmusic.comJatt Jaffe : Jassa Dhillon Ft Gurlej Akhtar (Official Video) Gur Sidhu | Latest Punjabi Song 2020 | New Punjabi Song 2020Lyrics :Dass kithe weekend karni rehaish ni Dhillon aya bail utte chakki phire cash ni Sandhu di scheme naal , sher seez karke 13 ve mihne ch kra da tenu ash ni Cash rakh kole jatta pyaar kar share ve Ajj di aa heer jatta kardi da na care ve Bukal ch rakh la bandook ja mashook veChakki fire dollaran bhar k sandook ve Khore ki tu kare sare tere toh ne talde Mittra de mitra de sign billo chlde Kara dass ki jaane  aunda kuj hor na Dekh li ma kha feem tere jahi lor na Dil vich aayi gall  kehti muho bol k Tere takk aaju jatt lalli shalli rol k Jinna agge chle teri sade to o chalde  Mitra de mitra de sign billo chldeTurda tu vakh jatta vakhri  ktaar aaTurna e painda billo sali dunia bekaar aaGhro jande chkke  bande jugaadi aaJatt jaffya ch sadi langdi dihaadi aaTere ta vichaar saare  sare agg vangu balde  mittra de mittra de sign billo chlde Jive jive karda tu bande rivaaj aa teri har gall pich 5-7 raaj aa choge te na aunde bahuta na jyonde billo shikra te rahinde jede oh jatt baaz  aa awe ta ni dil jitt hona dil muiyaar da raula pahila dino chlle jatt te pyaar da mainu kabbe kabbe khab aunde kall demitra mitra de sign billo chalde.All Copyright Reserved ➤ Brown Town Music.",Music,93,3.51,4470000,3928969781,236
YBDrilIcTJY,कृष्ण प्रेमियों  के लिए अमृता दीक्षित का रस भरा video song! Amrita dixit janmashtami video song 2020,2020-08-11 00:06:05+00:00,UC93H0w1TbqF6p0-i44sCdlQ,Amrita Dixit Official,10,2020-08-12 00:00:00+00:00,top song 2020|hit songs|2020 new song|new song 2020|Janmashtami Bhajan|janmashtami 2020|krishna bhajan 2020|hindi krishna Bhanjan|amrita dixit krishna bhajan|jjanmashtami special bhajan|he murlidhar chhaliya Mohan|kanhaiya Teri bansi|amrit dhara kanha ji ka geet|krishna bhajan|Shyam Bhanjan|Shyam Teri murli|janmashtami special Bhanjan|janmashtami pooja ki Vishu|Janmashtami 2020|Radha Rani ka bhajan|khatu Shyam Bhanjan|krishna jee ka sohar|sohar geet,285991,3546,480,https://i.ytimg.com/vi/YBDrilIcTJY/default.jpg,False,False,"If u like my videoes then pls subscribe my channel n press the bell icon👇👇🎹🎤🎵Follow me on my facebook page: https://www.facebook.com/Singramritadixit/Follow me on insta: amrita.dixitDigital Partner and ManagmentApex International MediaDeepak KamraSong - mera naam tere naam seSinger : Amrita DixitLyrics : Raushan Singh vishwasMusic : Ranjeet sharmaRecording- kanha studio patna(7004704102)Choreographer- Naveen kumar singhCinematographer -  vivek kushwahamak-up - Aakash kumarEditor : vivek kushwaha Parikalpna : vishnukant upadhyaySanyojak : yogesh kumarLable : Amrita Dixit OfficialFILHAAL SONGamrita dixitamrita dixit songamrita dixit new songamrita dixit new bhojpuri song 2020amrita dixit bhojpuri songsamrita dixit latest songamrita dixit latest bhojpuri song amrita dixit dj song amrita dixit bhojpuri dj songamrita dixit video songamrita dixit bhojpuri video songamrita dixit new video song 2020amrita dixit superhit songamrita dixit superhit video song amrita dixit sad songamrita dixit new sad song 2020amrita dixit bhojpuri sad song amrita dixit dj sad songamrita dixit popular sad song amrita dixit superhit sad songamrita dixit famous sad songamrita dixit hindi sad song amrita dixit video sad songamrita dixit love songamrita dixit bhojpuri love song amrita dixit romantic song amrita dixit hindi romantic songamrita dixit happy new year song 2020amrita dixit latest new year songamrita dixit new year video song 2020amrita dixit tohfa naya saal keamrita dixit ka naya ganaamrita dixit krishan bhajanamrita dixit new krishan bhajanamrita dixit new krishan bhajan 2020amrita dixit superhit krishan bhajanamrita dixit krishan bhajan dj songamrita dixit krishan bhajan video songamrita dixit ke hit bhajanamrita dixit latest krishan bhajanamrita dixit krishan bhajan sad songamrita dixit shyam bhajanamrita dixit new shyam bhajanMERE BABU NE KHANA KHAYA KYAHAPPY NEW YEAR SONGNEW YEAR SONGNAYA SAAL KA GANAWHATSAPP PE DIL BHEJLE BANIAmrita dixit Comedy video Comedy videoesRaghu song, rakshabandhan song,ayodhya ram Mandir song, bhumipoojan songmera naam tere naam Se, janmashtami song 2020#AMRITADIXIT#Videosong#janmashtami",Music,100,1.41,2200000,821889293,705
2TISeuoVSKY,Pandu Performance | Dhee Champions | 5th August 2020 | ETV Telugu,2020-08-05 18:00:04+00:00,UCoY_p16GEbOQPgES1-wXpYg,ETV Dhee,24,2020-08-12 00:00:00+00:00,etv shows|eenadu television|padutha theeyaga|super2|Dhee10|dhee Jodi|jabardasth|extra jabardsth|cash|genes|swarabhishekam|etv20|manasu mamatha|swathi chinukulu|naperu meenakshi|funny task|intro|bhargav|rishika|govind|husna|piyush|ankitha|Rahul|darshini|sai|malavika|saketh|priyanka|reality show|dance,19136655,284782,0,https://i.ytimg.com/vi/2TISeuoVSKY/default.jpg,True,False,"#DheeChampions #ETVTelugu #ETVWin #Sudheer #Rashmi #PradeepContestant Pandu sets the stage on fire with an energetic performance and charms the judges with his amazing moves.దక్షణ భారతదేశంలోనే అతిపెద్ద డాన్స్ రియాలిటీ షో ఢీ.... 11 సీజన్స్ ముగించుకొని ఇప్పుడు ఢీఛాంపియన్స్(ఢీ 12వ సీజన్) గా మిమ్మల్ని అలరించడానికి ఎంటర్ టైన్ మెంట్ ని టన్నుల టన్నుల కొద్ది అందించడానికి సిద్దమైంది. యాంకర్ గా ప్రదీప్, టీమ్ లీడర్స్ గా రష్మి - సుడిగాలి సుధీర్, జడ్జెస్ గా పూర్ణ గారు మరియు శేఖర్ మాస్టర్ లు వ్యవహరిస్తారు.To watch your ETV all channel’s programmes any where any time Download ETV Win App for both Android & IOS: https://f66tr.app.goo.gl/appsETV Telugu(Youtube) - http://bit.ly/2QR0yu9  Facebook - http://bit.ly/2L2GYYhETV Jabardasth(Youtube) - http://bit.ly/35xdqtuETV Dhee(Youtube) - http://bit.ly/2Ok8zWFETV Plus India(Youtube) - http://bit.ly/2OlEAOgFacebook - http://bit.ly/2DudC0tETV Abhiruchi(Youtube) - http://bit.ly/2OkEtTbFacebook - http://bit.ly/2OSrIhvETV Life(Youtube) - http://bit.ly/2OiKAY6Facebook - http://bit.ly/34tiqzkETV Telangana(Youtube) - http://bit.ly/33nRaAKFacebook - http://bit.ly/37GkVQFETV Andhra Pradesh(Youtube) - http://bit.ly/2OKARZzFacebook - http://bit.ly/2R0vs3k► Like us on Facebook : https://www.facebook.com/etvwin► Follow us on Instagram : https://www.instagram.com/etvwin/► Follow us on Twitter : https://twitter.com/etvwin► Visit Website : https://www.etvwin.com/► Pin us on Pinterest: https://in.pinterest.com/etv_win/",Entertainment,65,1.49,12800000,12877155297,10498
83s0H2p2lNk,PYAAR EK DHOKA HAI - Ep 1,2020-08-11 15:03:50+00:00,UC0rE2qq81of4fojo-KhO5rg,Tanmay Bhat,23,2020-08-12 00:00:00+00:00,AIB|Stand Up Comedian|Jokes|Funny|Vlog|Indian Vlogger|Vlogger|Comedy|Comedian|Trending|All India Bakchod|Funny Video|Funny Sketch|Funny Jokes|Tanmay Bhat|Live|Live Stream|Tanmay Bhat Live,1180382,134716,3505,https://i.ytimg.com/vi/83s0H2p2lNk/default.jpg,False,False,Check out my second channel: https://www.youtube.com/honestlybytanmaybhatFollow Rohan on Instagram: https://www.instagram.com/mojorojo/Follow Rahul on Instagram: https://www.instagram.com/rahulsubramanic/Follow KV on Instagram: https://www.instagram.com/randomvarun/Follow Nishant on Instagram: https://www.instagram.com/jokesingh/Follow me on Instagram: https://instagram.com/tanmaybhatFollow me on my Discord: https://discordapp.com/invite/6Jf4de9Submit your memes on Reddit: https://www.reddit.com/r/TanmayBhatKeDostBecome a member for exclusive content and privileges: https://www.youtube.com/channel/UC0rE2qq81of4fojo-KhO5rg/joinVideo edited by Varun Prajapati | https://www.youtube.com/channel/UCK8EgcWZtiusgaVyQjFfl_gChannel Manager: Revant Talekar | https://www.instagram.com/revanttalekar/I hereby declare that I do not own the rights to the footage. All rights belong to UTV Bindass. No Copyright Infringement Intended.,Comedy,25,11.71,5310000,2331560953,1726
nInI_ukvz2A,King - Let The Eyes Talk | The Carnival | Prod. by Shahbeats | Latest Hit Songs 2020,2020-08-10 04:30:12+00:00,UCrtOnzd9dWH9lXTAB-64Hfg,King,10,2020-08-12 00:00:00+00:00,badshah new song|badshah|badshah fake followers|vilen|vilen chidiya|vilen ek raat|drak music company|Drake|tony kakkar|neha kakkar|sonu kakkar|music|song|desi music factory|akhil|khaab|akhil new song|latest punjabi song 2020|punjabi hit songs 2020|sidhu moosewala new song|maninder buttar new song|millind gaba|manindar butter|king Dracula|new song|teri yaari latest song|t-series|tseries songs|latest hindi song 2020|hindi song new 2020|milind gaba song,633624,76715,4967,https://i.ytimg.com/vi/nInI_ukvz2A/default.jpg,False,False,"✅♥️Follow🤴🏽On Instagram♥️✅https://www.instagram.com/ifeelkingSong - 🌹LET THE EYES TALK🌹Artist - King 🤴🏽 Lyrics - King 🤴🏽 Composer - King 🤴🏽 Video Aesthetics By - Xmiikey 🌃Mix And Mastering By - Satyam HCR 🎚Model - Simran Kaur 💁🏼‍♀️Insta - https://www.instagram.com/simran_cashews/?hl=enMusic Produced By - Shahbeats 🎸/Insta - https://instagram.com/shahbeats_official?igshid=hu3x7ikxem5kShows,Business and Bookings 🍾🌹📮kingsclanmgmt@gmail.com#king #lettheeyestalk #thecarnivalLYRICS:Tere chehre koMeri aankho meinAaj rehne deKuch kehne de(Hook)Tu bhi aankho se kabhiBaatein karti nahiHo kabhi meri dhun tu lagake nachleTa kabhi mujhe apna bana ke rakh le(Verse1)Waqt mile mujhe kabhi sunn janaJazbaat hain ye nazam bahanaSach baat hai ye main tera deewanaAur darta nahi...Main duniya walon se thoda alag meri jaanNa tere liye sochta galat meri jaanTere sang dekha maine ek sapnaBas tere mera sath rahe dil dukhe naMujhe kuch ni lena hai is duniya seTu aake duniya bana meriJo kahe kadmo pe rakh dunga tereTu aake bas banja meri(Hook)Par tu aankho se kabhiBaatein karti nahiHo kabhi meri dhun tu lagake nachleTa kabhi mujhe apna bana ke rakh le(Verse2)Log kehte tere bina change haal mereTora poora lit mauj saalon saal le raheTanha raaton mein likhte fasaanePar tum sunte nahiKyu aisa karti ho mere sath meri jaanYe tere liye rakha dil saaf meri jaanJo tere sang dekha maine ek sapnaAisa pyar rahe duriya bhi chube na!Mujhe kuch ni lena hai is duniya seTu aake duniya bana meriJo kahe kadmo pe rakh dunga tereTu aake bas banja meri(Hook)Par tu aankho se kabhiBaatein karti nahiHo kabhi meri dhun tu lagake nachleTa kabhi mujhe apna bana ke rakh leTere chehre koMeri aankho meinAaj rehne deKuch kehne de♥️🔥Like,Subscribe and Share to the maximum🔥♥️",Music,84,12.89,7070000,2560894329,242
8fK60WACK7s,બુધવાર જન્માષ્ટમી સ્પેશિયલ-૨૦૨૦ |BUDHWAR JANMASHTAMI SPECIAL 2020|HD VIDEO JUKEBOX| LALITA GHODADARA,2020-08-12 00:30:00+00:00,UCev6abkwjdHj_dB3rquFfbQ,T-Series Gujarati,10,2020-08-12 00:00:00+00:00,Gujarati Songs|Gujarati Audio|Gujarati Traditional Songs|Traditional Songs|Bhajno|Gujarati Bhajano|KANUDO KALO KAHO|KRISHNA KANHIYO|LALITA GHODADRA|PANKAJ BHATT|SACHU BOLONE MARA SHYAM|KAAN JI TARI MAA KESHAI|ARVIND BAROT|KRISHAN BHAGWAN CHALYAN|RAGHU VIRKUN CHALA|Hit Songs|Gujarati Devotional Songs|Devotional Songs|Gujarati Bhakti Songs|GHAMMAR GHAMMAR MARU|બુધવાર જન્માષ્ટમી સ્પેશિયલ -૨૦૨૦|krishna janmashtami song|janmashtami|kanha ji ke bhajan,191829,1191,50,https://i.ytimg.com/vi/8fK60WACK7s/default.jpg,False,False,"T-Series Gujarati presents  બુધવાર જન્માષ્ટમી સ્પેશિયલ-૨૦૨૦ |Budhwar Janmashtami Special 2020 | Hd Video Jukebox| Lalita Ghodadara

----------------------------------------

Song Details:
Song: Kanudo Kalo Kaho Album: Krishna Kanhiyo Singer: Lalita Ghodadra Music: Pankaj Bhatt Lyrics: Traditional Music Label: T-SeriesSong: Sachu Bolone Mara Shyam Album: Krishna Kanhiyo Singer: Lalita Ghodadra Music: Pankaj Bhatt Lyrics:Traditional Music Label: T-SeriesSong: Kaan Ji Tari Maa Keshai Album:Krishna Kanhiyo Singer: Lalita Ghodadra, Arvind Barot Music: Pankaj Bhatt Lyrics: Traditional Music Label: T-Series
Song: Krishan Bhagwan Chalyan Album: Krishna Kanhiyo Singer: Lalita Ghodadra, Raghu Virkun Chala Music: Pankaj Bhatt Lyrics: Traditional Music Label: T-SeriesSong: Ghammar Ghammar Maru Album: Krishna Kanhiyo Singer: Lalita Ghodadra, Arvind Barot Music: Pankaj Bhatt Lyrics:Traditional Music Label: T-Series
FOR LATEST UPDATES:
----------------------------------------
SUBSCRIBE US Here: https://www.youtube.com/channel/UCev6abkwjdHj_dB3rquFfbQ?sub_confirmation=1


Enjoy & stay connected with us!!


If you like the Video, Don't forget to Share and leave your comments

Visit Our Channel For More Videos: http://www.youtube.com/TseriesGujarati",Music,100,0.65,3870000,1755700845,4312
1t5Gc6fhCZE,अपने वार्डरॉब को अपग्रेड करने के लिए कपड़ों के हैक्स || 123 GO! कपड़ों को रखने और मोढ़ने के DIY आइडिया!,2020-08-09 11:00:01+00:00,UCClG8Br9HvIlgJEnP0GiJbQ,123 GO! Hindi,24,2020-08-12 00:00:00+00:00,DIY|craft|crafts|prank|pranks|challenge|challenges|fun|funny|123GO!|123 go|123go|friends|friendly|tutorial|howto|how to|easy pranks|funny pranks|DIY pranks|how to prank|food pranks|trick|tricks|trick your friends|food|jokes|school pranks|back to school|123 go हिन्दी|123 GO Hindi|123go हिन्दी|123goहिन्दी,3226132,26760,970,https://i.ytimg.com/vi/1t5Gc6fhCZE/default.jpg,False,False,"जब बात फैशन हैक्स पर आती है तो ये रिकॉर्ड बुक्स के लिए होती है! सिर्फ कुछ मिनटों में ही सारे कपड़े टंग जाएंगे| काफी शानदार, सही कहा? इन में से कौनसा फैशन हैक आपके जीवन को आसान बनाएगा? दोस्त बनिए और ये बढ़िया ट्रिक्स को अपने साथियों के साथ शेयर करें| और हमेशा की तरह इस यू ट्यूब पेज 123GO को ऐसी और मज़ेदार वीडियोज़ देखने के लिए सब्सक्राइब करना ना भूलें!#123go #hacks #DIY123 GO! Hindi  को सब्सक्राइब करे: https://bit.ly/2UlR0sB------------------------------------------------------------------------------------Music by Epidemic Sound: https://www.epidemicsound.com/ Stock materials: https://www.depositphotos.com https://www.shutterstock.comये वीडियो मनोरंजन के लिए बनाई गई है। हम इसके पूरे होने, सुरक्षा और विश्वसनीयता की कोई वारंटी नही देते। इस वीडियो की जानकारी के हिसाब से आपका किया कोई भी काम आप अपने जोखिम पर करेंगे, और हम किसी भी नुकसान और घाटों के ज़िम्मेदार नही होंगे। अगर कोई इसे दोहराने का सोचे तो फैसला लेना, देखभाल और सावधानियों का इस्तेमाल करना देखने वाले की ज़िम्मेदारी है।नीचे वीडियो में नियंत्रित वातावरण में हमारे कलाकारों द्वारा किया गया कार्य हो सकता है- अगर आप दोहराने का सोचे तो कृप्या विचार करें, देखभाल और सावधानियों का इस्तेमाल करें।",Entertainment,100,0.86,11000000,7611782120,1192
ghY-8wmVB7A,"बेकिंग पावडर, सोडा, दही न घालता बनवा डॉल केक | नोझल ची गरज नाही | Doll Cake from scratch | Madhura",2020-08-12 05:30:00+00:00,UCmbua9iiakRr6nuCXxxsKSQ,MadhurasRecipe Marathi,26,2020-08-12 00:00:00+00:00,Madhurasrecipe|Marathi Recipe|Maharashtrian Recipes|Marathi Padarth|Maharashtrian Padarth|Doll cake recipe in marathi|doll cake tutorial|doll cake decorating ideas|doll cake recipe with out oven|doll cake design ideas|doll cake making recipe|doll cake icing|barbie doll cake|how to make doll cake at home|easy and quick doll cake decoration idea|barbie doll cake decorating ideas|bahulicha cake|quick princess cake design|doll cake recipe in marathi|cake,141538,8543,2055,https://i.ytimg.com/vi/ghY-8wmVB7A/default.jpg,False,False,"डॉल केक बनवण्यासाठी लागणारे साहित्य • १ १/२ कप दूध • १ कप पिठीसाखर • ३~४ थेंब व्हॅनिला इसेन्स • ३/४ कप तेल • ३ कप मैदा • २ कप हेवी व्हिपिंग क्रिम • २~३ थेंब व्हॅनिला इसेन्स• १/२ कप पाणी • ३~४ चमचे साखर • खायचा लाल रंग • थोडेसे रंगीत स्प्रिंकल्स• थोडेसे सिल्व्हर बॉल्सPlease take a moment to like and subscribe ✿◕ ‿ ◕✿
http://www.youtube.com/c/MadhurasRecipeMarathi?sub_confirmation=1

मधुराजरेसिपी चे मसाले ऑर्डर करण्यासाठी इथे क्लीक करा - https://amzn.to/2Cq0jz4
किंवा ९१३६८२२२२४ या नंबर वर व्हॉटसऍप मेसेज करा

#EasyDollCake #DollCakeTutorial #NoPipingBag #NoNozzle
--------------------------------------------------------------------------------------------
Click for detail Recipe - http://www.madhurasrecipe.com/regional-
recipe/marathi-video-recipes
Ingredients:• 1 1/2 cup Milk• 1 cup powdered Sugar• 3~4 drops Vanilla essence• 3/4 cup Oil• 3 cups Maida• 1 1/2 tsp Eno fruit salt• 1/2 tsp Milk• 2 cups Heavy whipping cream• 2~3 drops Vanilla essence• 1/2 cup Water• 3~4 tsp Sugar• Red food color• Few colored Sprinkles • Few Silver ballsMethod:• Take milk in a bowl and add powdered sugar, vanilla essence, oil.• Mix everything well together. • Sieve maida into the mixture and mix well.• Add Eno fruit salt, milk and mix well quickly. • I have taken 6” tray and a glass bowl that fits perfectly on it. • You can use steel or aluminium bowl in place of glass bowl. • You can use store bought mould that is specially designed for doll cake. • Line up the tray with butter paper and pour half batter into it.• Line up the base of bowl with cutter paper and pour out the remaining batter into it. • Tap the tray & bowl really good. • Give a layer of salt at the base of the cooker and place an empty tin. • Remove the rubber ring and whistle form the lid and preheat the cooker on medium heat for   about 5-7 minutes. • Place the baking on the empty pot in the cooker and bake the cake on medium heat for about   25-30 minutes. • You can follow the same procedure if you want to bake the cake in kadhai. • You can bake the cake in oven at 180 Deg C for about 30-35 minutes. • Take heavy whipping cream into a bowl. • Transfer the bowl in deep freezer for 30 minutes. • Beat the cream on low speed for about 2-3 minutes. • Beat on high speed for about 3-4 minutes until it forms stiff peaks. • Add vanilla essence and mix well. Cream is ready. • Loosen the edges and flip the cake over into a dish. • Wrap the base of cake well with plastic paper or cling wrap and transfer it into freeze for at   least 30 minutes. • Take the cake out, remove the wrap and cut it horizontally into 2 pieces. • Repeat the same process to cut the dome shape cake into 3 layers. • Take a card board and paste silver or any colored paper on it.• Spread a little cream at the center of the card board. • Place the round base of the cake first. • Cover each corner of the card board with butter paper so that cream won’t fall on it while   decorating.• Spread sugar syrup on the cake. • Add the chipped cream and spread it evenly. • Place another layer of cake and sprinkle sugar syrup on it.  • Add cream and spread it evenly. • Place the base layer of dome cake on it and again sprinkle sugar syrup. • Add whipped cream and spread it evenly. • Place second layer of dome shape cake and sprinkle sugar syrup. • Add whipped cream and spread it evenly. • Place the final top layer of dome shape cake and sprinkle sugar syrup. • Coat all sides evenly with whipping cream. • Transfer the cake into freeze for at least 30 minutes to set. • Give another layer of whipping cream spread it evenly. • While smoothing the cream layer after every 3-4 uses of spatula dip it in warm water and wipe   it out. • So that smoothing will be easier and perfect. • Wrap the lower portion of the doll with plastic sheet or cling wrap. • Make an insertion at center of the cake with a knife to make a clear opening for inserting doll. • Insert the doll up to her waist carefully into the opening of the cake. • Fill up the piping bag with whipping cream. • You can use any plastic bag in place of piping bag. • Add a little red food color in the left over cream and mix well to make pink cream. • Transfer the pink cream into a piping bag. • Decorate the upper portion of the doll with pick and white whipped cream to make her dress. • Make a neck lace around the neck of the doll with pink cream. • Make a few partitions on her dress for decorating it with a tooth pick.• Cut the end of piping bag a little and decorate one partition with pick cream.• In this way decorate the doll alternate with white and pick cream. • Make a small belt around the waist of the doll with pink cream. • Decorate the doll with colourful sprinkles. This is optional. You can skip it if you want.• Remove the butter paper that we placed in all four corners before decorating the doll. • Doll cake is all ready.",Howto & Style,98,7.49,8320000,2098395351,2290
gnChin-N7EQ,నా కిచెన్ టూర్ పార్ట్-1 || నా వంటిల్లు నేను ఎలా ఆర్గనైజ్ చేసుకున్నానో చూడండి || New Kitchen Tour,2020-08-11 05:30:12+00:00,UCefwHBWfv98twiv6muJnwhQ,Heavenly Homemade,26,2020-08-12 00:00:00+00:00,kitchen tour|kitchen tour in tamil|kitchen organization|Bindu Kitchen tour|telugu kitchen tour|my kitchen tour in telugu|telugu vlogs|kitchen tour ideas|indian kitchen tour|modular kitchen|modular kitchen design|kitchen storage ideas|organized kitchen tour|kitchen tour video|kitchen organization ideas|indian kitchen organization|kitchen|kitchen design|kitchen organisation|my new kitchen tour|kanaks kitchen tour|kitchen tour organization,133566,0,452,https://i.ytimg.com/vi/gnChin-N7EQ/default.jpg,False,True,"❤️❤️❤️❤️❤️let's connect togetherhttps://t.me/heavenlyhomemade❤️❤️❤️My Amazon Shop Pagehttps://www.amazon.in/shop/heavenlyhomemade❤️❤️❤️❤️❤️Contact mevr2gether4ver@gmail.comHITECH ABBAYI CHANNELhttps://www.youtube.com/channel/UC7VMEaJL8QUJjlajxfBrCbACOOKING & RESTAURANT REVIEWS CHANNELhttps://www.youtube.com/channel/UCHprpN0wUF5Nhw7rZdNOvSgFollow me on facebook https://www.facebook.com/beautyall1placeFollow me on instagram https://www.instagram.com/heavenly_home_madeDo mention in the comments section your valuable comments and also the videos you would like to watch on our channel. Hope u like this video and please subscribe to our channel.DISCLAIMER: The Information provided on this channel and its videos are for general purpose only and should not be considered as Professional advice.Love ,Alekhya ! kitchen tour,kitchen tour in hindi,kitchen tour ideas,indian kitchen tour,modular kitchen,modular kitchen design,kitchen storage ideas,organized kitchen tour,kitchen tour video,kitchen organization,how to organize kitchen cabinets,kitchen organization ideas,indian kitchen organization,kitchen,kitchen design,kitchen organisation,my new kitchen tour,kitchen tour 2019,kanak's kitchen hindi,kanaks kitchen tour,kitchen tour organization,kitchen tour kanak, నా కిచెన్ టూర్ పార్ట్-1/నా వంటిల్లు నేను ఎలా ఆర్గనైజ్ చేసుకున్నానో చూడండి",Howto & Style,96,0.34,515000,235803091,2436
oRwVT3gMuxM,Tu Chahida | (Official Video) | Sara Gurpal Ft. Armaan Bedil | Latest Punjabi Songs 2020,2020-08-10 04:34:15+00:00,UC9Gjog4enoDWRWTaYuamx1g,Jass Records,10,2020-08-12 00:00:00+00:00,Tu Chahida|Sara Gurpal|Jass Records|new punjabi songs 2020|latest punjabi songs 2020|new punjabi song 2020|latest punjabi song 2020|punjabi songs|punjabi songs 2020|punjabi songs 2020 latest|punjabi songs 2020 latest this week|punjabi songs latest|punjabi songs new|punjabi songs new 2020|punjabi songs new 2020 this week|new songs|latest songs|newpunjabi|new songs 2020|latest songs 2020|punjabi songs 2020 new|tu chahida new song|sara gurpal new song,2003689,84104,2281,https://i.ytimg.com/vi/oRwVT3gMuxM/default.jpg,False,False,Tu Chahida | (Official Video) |  Sara Gurpal Ft. Armaan Bedil | New Punjabi Songs 2020 | Latest Punjabi Songs 2020 | Jass Records  Subscribe To Our Channel : https://www.youtube.com/user/officialjassrecords                           --------------------------------------------------------------------                                     ► Song Credits :Title : Tu ChahidaSinger : Sara Gurpalhttps://www.instagram.com/saragurpals/https://www.facebook.com/ursaragurpalFt : Armaan Bedilhttps://www.facebook.com/iamarmaanbedilhttps://www.instagram.com/iamarmaanbedil/Lyrics :  Fateh ShergillMusic : GoldboyConceived By : PejimiaPresents : Jasvirpal Singhhttps://www.instagram.com/jasvirpal_jassrecords/https://www.facebook.com/jasvir.jassi.9400    Producer : Jasvirpal Singh & Jagjitpal SinghVideo : B2Getthers ProsDirected By : Mahi Sandhu & Joban SandhuPoster : The Town Media & Impressive Design Studio Label | Jass Records--------------------------------------------------------------------Like || Share || Spread || Love--------------------------------------------------------------------► To Stream & Download Full Song :Wynk : https://wynk.in/u/wP37SyozNGoogle : https://play.google.com/store/music/album/Sara_Gurpal_Tu_Chahida?id=Bn3eet4mg67fmxwfrpxe36poewyItunes : https://music.apple.com/in/album/tu-chahida-single/1526467722Kkbox : http://www.kkbox.com/tw/en/song/Uyf00.sLJa5uKsm1uKsm10XL-index.htmlSpotify :  https://open.spotify.com/album/1DQoK6o3kXMhFbBj50Km4f?highlight=spotify:track:22uSA0G06D5JUI7ZGdtjoTHungama :https://www.hungama.com/song/tu-chahida/55705440/Amazon :https://music.amazon.in/search/Tu+Chahida+Sara+GurpalResso :https://m.resso.app/yVpu9M/JioSaavn : https://www.jiosaavn.com/song/tu-chahida/IwoGQABIBnIGaana :https://gaana.com/album/tu-chahida-punjabi► Caller Tune Code Here :Pyar Vich Luck Bad Airtel subscribers Dial : 5432117461221Vodafone subscribers Dial : 53712078748Idea subscribers Direct Dial : 53712078748BSNL (South/East) subscribers sms BT (space)    12078748                    to 56700Tu Chahida :Airtel subscribers Dial : 5432117461238Vodafone subscribers Dial : 53712078741Idea subscribers Direct Dial : 53712078741BSNL (South/East) subscribers sms BT (space)    12078741                    to 56700►Enjoy & Stay Connected with us :Facebook :- http://www.Facebook.Com/OfficialjassrecordsInstagram :- https://www.instagram.com/jassrecord/Twitter :- https://twitter.com/jassrecords1           --------------------------------------------------------------------(This Song Is Subject To Copyright of Jass Records),Music,88,4.31,14600000,7933777862,7665
1cxd9HFY3fM,Chamma Chamma - Fraud Saiyaan || Neha Kakkar || Dance Cover By Beauty Khan and Sneha Bakli,2020-08-08 10:10:25+00:00,UCKs5_LJdb4SF_G-ohNUD6CQ,Beauty Khan,24,2020-08-12 00:00:00+00:00,[None],1961218,70823,8267,https://i.ytimg.com/vi/1cxd9HFY3fM/default.jpg,False,False,"Hey Guys,Here's a new Dance Video on the popular song Chamma ChammaI hope you enjoy it.Follow Beauty on Instagram: https://www.instagram.com/cuty_beauty_khan/Follow Sneha onInstagram:https://www.instagram.com/snehaa6943/YouTube Channel:https://www.youtube.com/channel/UCu-ByGOiXNZZqa1Y7CYnsMA#dancevideo #beautykhan #chammachamma",Entertainment,90,4.03,1330000,462099386,570
T5idF-p4CaA,Happy Birthday To You Kaan Vol.2 | Kaushik Bharwad | New Janmashtmi Special Full HD Video Song 2020,2020-08-11 01:30:01+00:00,UCyt_AgWdwEH1zolMOVwQzRA,NEW SHYAM AUDIO OFFICIAL,10,2020-08-12 00:00:00+00:00,gujarati music video|gujarati songs|gujarati music channel|happy birthday to you kan|krishna birthday song|kaushik bharwad new video|kaushik bharwad 2020 song|kaushik bharwad thakar song|janmashtmi special song 2020|happy birthday song|કૌશિક ભરવાડ,150870,7305,352,https://i.ytimg.com/vi/T5idF-p4CaA/default.jpg,False,False,"#NEW_SHYAM_AUDIO OFFICIAL Presents...Best Thakar Birthday Special DJ Gujarati Song 2020Happy Birthday To You Kaan Vol.2 | Kaushik Bharwad | New Janmashtmi Special Full HD Video Song 2020Singer :- #Kaushik_BharwadLyrics :- Sovanji ThakorMusic :- Vishal VagheshwariD.o.p :- Pavan SwamiStill Photographer :- Ajay Makwana ( Khoraj )Special Thanks :- Ramesh Pasiya, Thakor Saheb & Boss MohanConcept - Direction - Editing - Di By Vikram Panchal - Mo - 8866808055Producer :- Rajubhai Bharwad ( Mo. 9924718545 )Please Like, Comments, Share and Subscribe To Our ChannelYoutube Channel Management :-Vikram Panchal - Mo - 8866808055",Music,99,5.08,920000,333570396,695
lh7QPjPpXas,how JS FILMS bought KAWASAKI H2,2020-08-08 13:00:12+00:00,UCayDJ8tjhgm7TaUY9eechmA,Jaysn Nation,22,2020-08-12 00:00:00+00:00,js films|jaysn nation|jasminder singh|js films second channel|js films delhi|h2|kawasaki h2|kawasaki ninja h2|js films h2,1471613,123335,6906,https://i.ytimg.com/vi/lh7QPjPpXas/default.jpg,False,False,"Just bought my dream bike, The mighty Kawasaki Ninja H2.Full video here: https://youtu.be/dA5E_IKioR8I am more active on the following accounts ;)Instagram: http://bit.ly/2TI7BpUFacebook: http://bit.ly/33cbk2dTwitter:  http://bit.ly/3aRH8MGPersonal website: http://bit.ly/2IG94qx",People & Blogs,31,8.85,341000,15476634,103
jXigyIuCaEI,I Got The  Most *EXPENSIVE* Birthday Gift | SAMREEN ALI VLOGS,2020-08-09 08:30:35+00:00,UCIsIm0L3_fiwqCtOuJLHWNA,Samreen Ali Vlogs,24,2020-08-12 00:00:00+00:00,samreen ali|samreen ali vlogs|samreen ali birthday|samreen ali birthday vlog|birthday vlog|birthday vlog in lockdown|birthday vlog india|birthday|quarantine birthday|birthday celebration|16th birthday vlog|my birthday vlog|lit birthday vlog|day in my life|happy birthday|birthday outfit|birthday party|vlogging|birthday surprise|birthday expensive gift|समरीन अली|samreen ali videos|samreen ali new videos|funny videos|vlogger|first birthday|vlogs|2020,630041,32670,7626,https://i.ytimg.com/vi/jXigyIuCaEI/default.jpg,False,False,"I Got The  Most *EXPENSIVE* Birthday Gift | SAMREEN ALI VLOGSHey Everyone!This is my official vlog channel so please subscribe to watch my daily routine, vlogs, makeup routine, room tour, house tour, and many more.... 💓 Follow Me On:Instagram - https://www.instagram.com/samreenali142/Subscribe its free: http://bit.ly/samreenaliBACKGROUND MUSIC BY: BeatbyShahed  | Hip HopMusic promoted by Vlog Music No Copyright.Video Link: https://www.youtube.com/watch?v=Ru4CD...#birthday #gift #samreenalivlogs",Entertainment,61,6.4,892000,159465805,848
BSmyEuYAU6w,BIG ANNOUNCEMENT | MUH MEETHA KARNA TO BANTA HAI | KHEER PURI RECIPE | DIPIKA KAKAR IBRAHIM,2020-08-09 15:27:43+00:00,UC2kBDwkqiy7zgH1-M4UtUXQ,Dipika Ki Duniya,22,2020-08-12 00:00:00+00:00,[None],1534587,83157,6137,https://i.ytimg.com/vi/BSmyEuYAU6w/default.jpg,False,False,❌❌❌ DO NOT MAIL ON THE ID MENTIONED IN THE VIDEO ITS HACKED ❌❌❌Instagram- https://instagram.com/ms.dipika?igshid=sg0utjp1xwevShoaib’s youtube channel https://www.youtube.com/channel/UC8ZRiu_mBJwuMHcdIpKjTfA,People & Blogs,91,5.82,4030000,1092993023,489
63LwkoAjoCk,Feelings | Sumit Goswami | Sad Love Story | Sad Songs | New Songs 2020 | Punjabi Songs | Love story,2020-08-09 12:46:56+00:00,UCmpikp0io5rAf97jPDJajEg,Love Life Creation,10,2020-08-12 00:00:00+00:00,sad Songs|new songs 2020|latest Hindi songs|Punjabi Songs|new punjabi songs|feelings song|Sumit Goswami songs|feelings song Sumit Goswami|new sad song|Punjabi sad songs|new songs|new bollywood songs|sad love story|Hindi songs|love life Creation|love life Creation new video,801814,12679,1246,https://i.ytimg.com/vi/63LwkoAjoCk/default.jpg,False,False,"Hey guys We are back with yet another emotional Love Story on the Latest Hindi Song, feelings by Sumit GoswamiWatch Feelings Official Video - https://youtu.be/AZmAgoir1TcVideo Credits: Director - Rishabh DasCast - Sahil & NikitaCinematography By - KP Studio'sEdit By :- Sahil GoswamiSong: FeelingsSinger: Sumit GoswamiMusic: KhatriStarring: Sumit Goswami, Aarti SharmaLabel: Sony Music IndiaFor business inquiry:- jerryjerrysahil15@gmail.com___________________________________________________________Follow me on Instagram =   My Instagram account  Sahil -  https://instagram.com/__sahil_goswami__?igshid=rjllgvu2qwmj#sadsongs #feelings #sumitGoswamiFeeling’a Te Bharya Mera DilLutt Ke Ne Le Gaya Tera Thoddi Aala TilKalla Tera Yaar Meri Raani Koyi NaTu Ae Mera Raah Jaane Tu Ae ManzilFeeling’a Te Bharya Mera DilLutt Ke Ne Le Gaya Tera Thoddi Aala TilKalla Tera Yaar Meri Raani Koyi NaTu Ae Mera Raah Jaane Tu Ae ManzilDhadkan Meri Tu Ae ZindgaaniRooh Meri Teri Rooh Ki DeewaniBhola Chehra Tera Meri Na Nazar HatdiJaanlewa Teri Aakhyan Mein Shaitaani AeDuniya Tu Meri Tu Ae Jag AeHasi Teri Jag Ton Alag AeMera Deen Imaan Sai TuIss Rooh Ka Te Tu Ae Rab AeIshaare Teri Karti NigaahAave Dhore Mere Challe Sai HawaSacha Pyaar Manne Tere Te HoyaPoochh Taareyan Te Saare Sai GawaahMila Tu Manne Sab Gaya MilFeeling’a Te Bharya Mera DilLutt Ke Ne Le Gaya Tera Thoddi Aala TilKalla Tera Yaar Meri Raani Koyi NaTu Ae Mera Raah Jaane Tu Ae ManzilFeeling’a Te Bharya Mera DilLutt Ke Ne Le Gaya Tera Thoddi Aala TilKalla Tera Yaar Meri Raani Koyi NaTu Ae Mera Raah Jaane Tu Ae ManzilTeri Gail Subah Meri Tu Ae Sham AeHona Manne Tera Kati Sareaam AeTera Naam Leke Dil Karay Se DuaMere Naam Gail Jude Tera Naam AeTeri Gail Subah Meri Tu Ae Sham AeHona Manne Tera Kati Sareaam AeTera Naam Leke Dil Kare Se DuaMere Naam Gail Jude Tera Naam AeMeri Zindagi Mein Hoja ShamilFeeling’a Te Bharya Mera DilLutt Ke Ne Le Gaya Tera Thoddi Aala TilKalla Tera Yaar Meri Raani Koyi NaTu Ae Mera Raah Jaane Tu Ae ManzilFeeling’a Te Bharya Mera DilLutt Ke Ne Le Gaya Tera Thoddi Aala TilKalla Tera Yaar Meri Raani Koyi NaTu Ae Mera Raah Jaane Tu Ae ManzilFeeling’a Te Bharya Mera DilLutt Ke Ne Le Gaya Tera Thoddi Aala TilKalla Tera Yaar Meri Raani Koyi NaTu Ae Mera Raah Jaane Tu Ae Manzil",Music,99,1.74,537000,181977098,47
jhfoumH02eE,Best Cinema in the World! | Dhruv Rathee Vlogs,2020-08-10 09:24:47+00:00,UCjNgqJ_FMLntYVzq7daw1TQ,Dhruv Rathee Vlogs,22,2020-08-12 00:00:00+00:00,Dhruv rathee|Dhruv Rathee vlogs|Dhruv Rathee vlog|vlog|Dhruv Rathee girlfriend|dhruv|rathee|travel|travel vlog|indian vlogger|flying beast|carryminati|best places to travel|Europe travel|Europe trip|Tourism|best places to visit|Switzerland|Switzerland travel guide|Cinema with a bed|Bed Cinema|Zurich|Zurich travel|Luxury|Luxury travel,790545,65959,10775,https://i.ytimg.com/vi/jhfoumH02eE/default.jpg,False,False,"On our second day in Zurich, we visit a cinema, which is probably the most luxurious cinema in the world. Forget about reclining seats from gold class cinemas, this one has a full double bed with proper pillows on it! The beds can recline just like a normal seat and stand up also. On the other hand, we could not visit much on this day because of the rainy weather. Next day we will be headed off the Luzern to Zurich Subscribe to my vlog channel for more such videos: https://www.youtube.com/channel/UCjNgqJ_FMLntYVzq7daw1TQ?view_as=subscriberSupport my work and join as a member to get exclusive stuff:1. On Patreon: https://www.patreon.com/dhruvrathee2. On Youtube: https://www.youtube.com/channel/UC-CSyyi47VX1lD9zyeABW3w/joinVideo Edited by Love Upadhyay---------------------------------------------------- For more informative videos and discussion on important Indian and world issues- Telegram channel to receive instant video updates: https://t.me/dhruvratheechannel More videos by Dhruv Rathee- Financial Education: https://www.youtube.com/playlist?list...- Ground Reports from across the World: https://www.youtube.com/playlist?list...- Indian Politics Videos: https://www.youtube.com/playlist?list...- Educational Videos: https://www.youtube.com/playlist?list...- Interviews by Dhruv Rathee: https://www.youtube.com/playlist?list...Support on Patreon: https://www.patreon.com/dhruvrathee Subscribe: http://www.youtube.com/dhruvrathee Facebook: http://www.facebook.com/DhruvRatheePage Twitter: http://www.twitter.com/dhruv_rathee Instagram: http://www.instagram.com/dhruvrathee ----------------------------------------------------",People & Blogs,46,9.71,3470000,607181150,225
zDzBWoBGy2o,KAJLA (Official Video) Tarsem Jassar | Wamiqa Gabbi | Pav Dharia | New Punjabi Songs 2020,2020-08-07 03:30:25+00:00,UCyXTmEh_ftszgyO3FTe4-jA,VehliJantaRecords,10,2020-08-12 00:00:00+00:00,kajla|tarsem jassar|kajla by tarsem jassar|kajla by wamiqa gabbi|wamiqa gabbi|tarsem jassar new songs|tarsem jassar new punjabi songs 2020|new punjabi songs 2020|new punjabi songs 2020 tarsem jassar|kajla new punjabi songs 2020|new punjabi songs 2020 kajla|new songs 2020|latest punjabi songs 2020|latest punjabi songs 2020 kajla|kajla latest punjabi songs 2020|tarsem jassar latest punjabi songs 2020|latest punjabi songs 2020 tarsem jassar|punjabi songs|new song,8298652,274467,26763,https://i.ytimg.com/vi/zDzBWoBGy2o/default.jpg,False,False,"Vehli Janta Records & Manpreet Johal Present :-KAJLA (Official Video)  Tarsem Jassar Ft. Wamiqa Gabbi , Music by Pav DhariaSong : Kajla Album : My PrideSinger/Lyrics - Tarsem Jassar Starring - Wamiqa GabbiMusic - Pav DhariaMix Master - Pav DhariaDirector - Sharan ArtDOP- JaypeCheif Asst Director- Inder SekhonAsst Director- Sukhmanjot SinghAsst DOP - Garry SinghEditor – Puneet GhattauraChoreograpger – Nitin AroraAsst. Choreograpger – Vilish NanariyaCostume Designer – Rabia RataulWamiqa’s Costume Designer – Scarlet by Shruti JamaalWamiqa’s Jewellery – Kalyan JewellersMakeup & Hair – Karanveer Singh & KanchanMakeup & Hair (Wamiqa’s Team) – Coco Ballucci & IshanCast – Aryan Singh & Uday KalsiArt – Deepak & SurajProduction Head - Gurjot SinghOnline Promotion - BIGMedia(https://www.instagram.com/bigmediaa)Label : Vehli Janta RecordsLabel : Vehli Janta RecordsProducer: MANPREET JOHAL                                                                        Insta: http://instagram.com/manpreetjohalofficial              Snapchat: https://www.snapchat.com/add/johal.manpreetStay Connected With Artist Social Media:Facebook: http://bit.ly/TarsemJassarFBInstagram: http://bit.ly/TarsemJassarIGSnapchat: http://bit.ly/TarsemJassarSCStay Connected with Vehli Janta Records:Youtube: http://bit.ly/2Ny1CTHFacebook: http://bit.ly/32aINJmInstagram: http://bit.ly/2NwWO0W",Music,89,3.63,4700000,2082994115,445
LPB4cMCr_7g,Bhagvan Tane Nai Chhode - HD Video - Jignesh Barot - Jigar Studio - Latest Gujarati Sad Song 2020,2020-08-08 03:10:10+00:00,UCBUlrhmOjVLOpbgHAUJceaw,Jigar Studio,10,2020-08-12 00:00:00+00:00,Jigar Studio|Gunvant Thakor|Dhollywood|Gujarati Song|New Song|jignesh barot|jignesh kaviraj|jignesh kaviraj new song|jignesh kaviraj new bewafa song|jignesh barot new song 2020|jignesh barot new sad song|jignesh barot latest gujarati sad song|jignesh kaviraj latest bewafa song|latest gujarati sad song|gujarati bewafa song 2020|jignesh barot video song|Bhagavan Tane Nai Chhode|Jaanu Tame Lover Na Rupiya Khadha|lover na rupiya jignesh barot,1379485,31826,2120,https://i.ytimg.com/vi/LPB4cMCr_7g/default.jpg,False,False,"Song Name: Jaanu Tame Lover Na Rupiya Khadha Bhagvan Tane Nai ChhodeSinger & Artist: Jignesh BarotArtist: Neha SutharLyrics: Hitesh RavalMusic Director: Vishal VagheshwariD.O.P.: Montu Rajput, Chirag ThakorEdit: Montu RajputStory & Concept: Utsavi Jigar ChiragProducer & Director: Gunvant ThakorMusic Label & Copyright: Jigar Studio
Subscribe : https://goo.gl/9VtrB7
Facebook : https://goo.gl/SBYrky
Twitter : https://goo.gl/vUbV4Q
Dailymotion : https://goo.gl/hrewCh
Instagram : https://goo.gl/HRQorS
Google Plus : https://goo.gl/6QQsjR
Pinterest : https://goo.gl/RD2poU
Tumblr : https://goo.gl/TP9hvy
BlogSpot : https://goo.gl/pG2swb

Keep in touch with us
http://www.jigarstudio.com",Music,97,2.46,4780000,2166675458,1253
qMFlhaekJxw,കരിപ്പൂര്‍ 'ടേബിള്‍ ടോപ്പ്' അപകടസാധ്യത ഏറെ;  ഉപഗ്രഹ ദൃശ്യങ്ങള്‍ | Karipur Airport | Flight Crash,2020-08-08 00:18:14+00:00,UCP0uG-mcMImgKnJz-VjJZmQ,Manorama News,25,2020-08-12 00:00:00+00:00,Manorama News|News|Politics|Kerala News|Breaking News|Latest News|Kerala|mn news|youtube|covid|covid patients|malayala manorama|death|air india|kerala news|dubai kerala|mathrubhumi|mn karipur flight crash|malayalam|asianet news|karipur airport|manorama news|rain|stories|community spread|kerala|lock down|malayalam news|coronavirus|manorama news online|plane crash|covid 19|asianet,3197354,31425,2691,https://i.ytimg.com/vi/qMFlhaekJxw/default.jpg,False,False,"The official YouTube channel for Manorama News. Subscribe us to watch the missed episodes.Subscribe to the #ManoramaNews YouTube Channel https://goo.gl/EQDKUBGet ManoramaNews Latest news updates http://goo.gl/kCaUppVisit our website: www.manoramanews.com http://goo.gl/wYfPKqFollow ManoramaNews in Twitter https://goo.gl/tqDyokWatch the latest ManoramaNews News Video updates and special programmes: https://goo.gl/63IdXc  Watch the latest Episodes of ManoramaNews Nattupacha https://goo.gl/KQt2T8Watch the latest Episodes of ManoramaNews ParayatheVayya https://goo.gl/C50rurWatch the latest Episodes of ManoramaNews NiyanthranaRekha https://goo.gl/ltE10XWatch the latest Episodes of ManoramaNews GulfThisWeek https://goo.gl/xzysbLWatch the latest Episodes of ManoramaNews ThiruvaEthirva https://goo.gl/2HYnQCWatch the latest Episodes of ManoramaNews NereChowe https://goo.gl/QWdAg2Watch the latest Episodes of ManoramaNews Fasttrack https://goo.gl/SJJ6cfWatch the latest Episodes of ManoramaNews Selfie https://goo.gl/x0sojmWatch the latest Episodes of ManoramaNews Veedu https://goo.gl/enX1bVManorama NewsManorama News, Kerala’s No. 1 news and infotainment channel, is a unit of MM TV Ltd., Malayala Manorama’s television venture. Manorama News was launched on August 17, 2006. The channel inherited the innate strengths of the Malayala Manorama daily newspaper and its editorial values: accuracy, credibility and fairness. It raised the bar in Malayalam television news coverage and stands for unbiased reporting, intelligent commentary and innovative programs. MM TV has offices across the country and overseas, including in major cities in Kerala, Metros and in Dubai, UAE.",News & Politics,96,1.07,10500000,13052601746,588436
mYJ1A7LN0AM,Lilo Chaman 3 - Diler Kharkiya | Anjali Raghav | Renuka Panwar | New Haryanvi Song 2020 | Saga Music,2020-08-08 03:30:03+00:00,UCuFwzKrS0wE43CSkyaHBGiQ,SagaHits,10,2020-08-12 00:00:00+00:00,Lilo Chaman|Lilo Chaman Diler Kharkiya|Moto Diler Kharkiya|Lilo Chaman Haryanvi Song|Lilo Chaman 3|Haryanvi Songs|New Haryanvi Songs|Diler Kharkiya New Song|Diler Kharkiya Anjali Raghav|Diler Kharkiya Song|Renuka Panwar song|haye re meri moto|Sun Soniye Sun Dildar|New Haryanvi Songs 2020|Haryanvi Songs Haryanavi|New Songs|New Songs 2020|Love Songs|Khuda ki inayat hai hume jo mila hai|tu hi khuda tu mera sansar|Diler|diler song,5738302,135110,8220,https://i.ytimg.com/vi/mYJ1A7LN0AM/default.jpg,False,False,"The romantic jodi Diler Kharkiya and Anjali Raghav is back with Lilo Chaman 3 a new Haryanvi love song sung by Diler Kharkiya and Renuka Panwar (Sun soniye sun dildar song fame).Lilo Chaman 3 Haryanvi song 2020 - music is given by Aman Jaji & lyrics given by Renuka PanwarMere Pyaar Ki Jo Duniya, Us Duniya Ki Rani TuBina Kahe Chaman Pad Le, Mere Dil Ki Kahani TuChahe Kitna Bhi Dukh Ho, Lilo Tane Chorh Nahi SaktaIss Lilo Chaman Ki Jodi Ne, Koi Tod Nahi SaktaRenuka Panwar's Sun Soniye Sun Dildar song is a big hit (Khuda ki inayat hai hame jo mila hai) and she is back with Diler Kharkiya in Lilo Chaman romantic Haryanvi song. ➤Haye Re Meri Moto Diler Kharkiya & Anjali Raghav: https://youtu.be/FMKv26gKu8c➤Subscribe SagaHits: http://goo.gl/aFFNeC➤Follow Diler Kharkiya on Instagram: https://www.instagram.com/dilersinghkharakiya/Credits:Title: Lilo Chaman 3Singer: Diler Kharkiya, Renuka PanwarMusic: Aman JajiLyrics: Renuka PanwarDirector: Amit Bishnoi (https://instagram.com/directoramitbishnoi)Producer: Sumeet SinghSpecial Thanks: Kehar Singh Kharkiya, Parveen Redhu, Rohit RohillaBlessings: Sh.Rajender Singh KharkiyaLabel: Saga MusicDigital Partner: Unisys➤Follow SagaHits on:Facebook: https://www.facebook.com/sagahitsInstagram:  https://www.instagram.com/sagamusicTwitter: https://twitter.com/Saga_HitsSnapchat: Saga Music Official (@sagamusichits)Online Links:●Spotify: https://open.spotify.com/track/6u5EqnGR3ga2usYS6CXNuz?si=rtKgMfftTOeniZPzrNOkJg●Wynk: https://wynk.in/u/htusmCVBW●JioSaavn: https://www.saavn.com/s/song/haryanvi/Lilo-Chaman-3/Lilo-Chaman-3/SV8oWRV-UQY●Apple Music: https://geo.music.apple.com/in/album/lilo-chaman-3-single/1526809224?mt=1&app=music●Gaana: https://gaana.com/album/lilo-chaman-3●YouTube Music: https://music.youtube.com/playlist?list=OLAK5uy_knUrsyJ2kqNYSAwUc_rqRxp1o4zUjk4ZY●Resso: https://m.resso.app/y9TLeo/",Music,100,2.5,13800000,8103184573,3509
zh96euPvJGE,கிருஷ்ண ஜெயந்தி சிறப்பு பாடல்கள் | Krishna Jayanthi Special Songs | Krishna songs | Vijay Musicals,2020-08-10 23:30:02+00:00,UCWUuS7lrb8SiyEp3XgeMuuw,Vijay Musical,10,2020-08-12 00:00:00+00:00,Krishna Jayanti Special Songs - JukeBox|Music : Sivapuranam D V Ramani|Kanmaniraja|Achuth Raman|Video : Kathiravan Krishnan|Tamil Devotional Songs|Vijay Musicals கிருஷ்ண ஜெயந்தி சிறப்பு பாடல்கள்|இசை : சிவபுராணம் D V ரமணி|கண்மணிராஜா|அச்சுத் ராமன்|காட்சிப்பதிவு : கதிரவன் கிருஷ்ணன்|தமிழ் பக்தி பாடல்கள்|விஜய் மியூசிக்கல்ஸ்,122304,795,55,https://i.ytimg.com/vi/zh96euPvJGE/default.jpg,False,False,"Krishna Jayanti Special Songs - JukeBoxKrishna devotional songs in TamilMusic : D V Ramani, Pradeep,               Achuth Raman, KanmanirajaVideo : Kathiravan KrishnanProduced by Vijay Musicals#Krishnajayanthisongs#Gokulashtamisongs#Krishnasongs#vijaymusicalsகிருஷ்ண ஜெயந்தி சிறப்பு பாடல்கள்இசை : D V ரமணி, பிரதீப்,                அச்சுத் ராமன், கண்மணிராஜாகாட்சிப்பதிவு : கதிரவன் கிருஷ்ணன்தயாரிப்பு : விஜய் மியூசிக்கல்ஸ்பாடல்கள் | SONGS :புருஷோத்தமனின் | குரலிசை : உன்னி மேனன்
பாண்டுரங்கனே
| குரலிசை : உன்னி மேனன்கோகுலநாதா
| குரலிசை : கிருஷ்ணராஜ்அர்ச்சுனர்க்கு கீதை
| குரலிசை : உன்னி மேனன்குறை ஒன்றுமில்லை | நாதஸ்வரம் : G ரமேஷ்Purushothamanin | Singer : Unni MenonPandurangane | Singer : Unni MenonGokula Nadha | Singer : KrishnarajArjunarkku Geethai | Singer : Unni MenonKurai Ondrumillai | Nadaswaram : G Ramesh",Music,98,0.69,1930000,906201429,3012
QxDYHbbTU0c,आलिया के पोस्ट पे भड़की जनता | Sadak 2 Trailer Releasing Tomorrow | Alia Bhatt | RJ Raunak | Baua,2020-08-10 16:22:31+00:00,UCtvDbLquaT511bZ_qUESrkA,RJ Raunac No-Po,24,2020-08-12 00:00:00+00:00,raunak|rj raunak|raunak nopo|rj raunac nopo|bauaa nopo|nopo|baua ki comedy|latest raunak show|latest 2019|new|2019|best comedy videos|superhit entertainment|sadak 2 trailer|sadak 2|alia bhatt|mahesh bhatt|nepotism in bollywood|Sushant singh rajput|Sanjay dutt,283899,37478,7884,https://i.ytimg.com/vi/QxDYHbbTU0c/default.jpg,False,False,"#Sadak2Trailer #AliaBhatt #Sadakआलिया भट्ट ने सड़क 2 के ट्रेलर रिलीज़ की जानकारी अपने सोशल मीडिया पर दी लेकिन कमेंट को ऑफ कर रखा था , जनता उसपर भी भड़की। बऊआ का क्या कहना ,देखिए.subscribe RJ Raunac NO PO : https://www.youtube.com/channel/UCtvD...Follow Us On :Facebook : https://www.facebook.com/RJRaunac/Twitter : https://twitter.com/rjraunacInstagram : https://www.instagram.com/rjraunac/Pinterest : https://in.pinterest.com/RJRaunac/SUBSCRIBE ASLI BAUAA CHANNEL: https://www.youtube.com/channel/UCH_zM59722ZW4XwCWQFnDmwAny Query Contact on : info@raunac.comDOWNLOAD RAUNAC APP ON ANDROID AND IOS.",Entertainment,97,15.98,3060000,724654992,1551
uyx4cNtNGs8,Why Binod Trending on YouTube - Actual Reason | Who is Binod?,2020-08-07 07:33:15+00:00,UCA7RxVq2pMGYp_-Qo4S2dEw,Technical Yogi,28,2020-08-12 00:00:00+00:00,technical yogi|hindi|binod|why binod trending|why binod op|why vinod is trending|who is binod|who is binod op|binod kaun hai|binod kyu viral ho raha hai|binod kya hai|binod comment|binod kon hai|binod viral kyu ho raha hai,1716685,65535,33242,https://i.ytimg.com/vi/uyx4cNtNGs8/default.jpg,False,False,Why Binod Trending on YouTube - Actual Reason | Who is Binod?New Channel- https://www.youtube.com/channel/UCPZ_n-RmS0vcYqBs-SBwrcgHiI am yogi Yogendra. Welcome to our youtube channel technical yogi.About this video-Dosto Aaj Ki Is Video Me Maine YouTube Ke Ek Trend Ke Bare  Me Baat Ki Hai Aajkal YouTube Videos Ke Comments Me aakhir Log Binod Kyu Likh Rahe Hai Ye Bataya Hai Ummeed Hai Aapko Ye Video Bahut Pasand Aayega Thank you so much...Our some other playlist -About youtube guidelineshttps://www.youtube.com/watch?v=iOrjlVg_qRs&list=PLRNRFBg2Sv8aJtvz1ldmouMMRU_cJhNw2About Uc News-https://www.youtube.com/watch?v=eiJ3gUFNFvw&list=PLRNRFBg2Sv8aB0qb0XB5uRjhAiTMa1KRVBlogger Tutorialhttps://www.youtube.com/watch?v=Fdxh2RyDllI&list=PLRNRFBg2Sv8aRVdg1xmrgCKmf_qb4ZLMpAndroid Apps Reviewshttps://www.youtube.com/watch?v=qxnQoiHFXLo&list=PLRNRFBg2Sv8bcnaLDMtxMfPFLE4bFKfGa About WhatsApp- https://goo.gl/UwM7TAEnglish Speaking Coursehttps://www.youtube.com/watch?v=Y6FVuFkOfpM&list=PLRNRFBg2Sv8ZvO8-KxRotz_s8lYmaPrVUVideo Editing Tutorialhttps://www.youtube.com/watch?v=EdUkPeHySOw&list=PLRNRFBg2Sv8bQE8XnNksc5I-vApiqXfUkOther social linksYoutube -            https://youtube.com/technicalyogiFacebook-          https://facebook.com/technicalyogiTwitter-               https://twitter.com/technicalyogiinstagram-        https://instagram.com/technicalyogi#binod #whybinodtrending #youtubetrend #technicalyogi #hindi,Science & Technology,61,5.75,2070000,293718816,2909
HMZRVKW1BGU,"Ravi Teja, Tapsee And Kajal Agarwal Latest BlockBuster Superhit Movie Part - 6 || Vendithera",2020-08-11 08:30:04+00:00,UCGzTKkn_jPIZsH1stXWV2MQ,Vendithera,24,2020-08-12 00:00:00+00:00,veerafullmovietelugu|veera movie songs telugu|veera movie bgm|veera movie best scenes|veera movie comedy scenes in hindi|Brahmanandam and Ravi teja comedy senses|Ravi Teja new movies Telugu|Rav|vendithera|vendithera movies|kajal agarwal hot scenes in telugu|disco raja full movie|ravi teja new movies|ravi teja punch dialogues|taapsee pannu movie|brahmanandam comedy scenes|veera telugu movie parts|veera telugu full movie,604278,4004,0,https://i.ytimg.com/vi/HMZRVKW1BGU/default.jpg,True,False,"Watch Ravi Teja, Tapsee And Kajal Agarwal Latest BlockBuster Superhit Movie Part - 6 || Vendithera#trendingmovies",Entertainment,92,0.66,3550000,654845,81
UH0uANlBsVA,"YAAR TERA AA GYA (OFFICIAL VIDEO) LADDI GILL, GURLEZ AKHTAR, SIPPY GILL, KHAN BHAINI, SARA GURPAL",2020-08-08 03:30:15+00:00,UCpMoGK8pm4nuNERpX6_DwOQ,Worldwide Records PUNJABI,10,2020-08-12 00:00:00+00:00,Punjabi New Songs|Punjabi Songs|Punjabi Dj Songs|Punjabi Videos|Punjabi new song|PUNJAB|new punjabi song|new punjabi song 2020|new punjabi hits|latest punjabi song|love song|punjabi song 2020|Worldwide Records Punjabi|LADDI GILL|GURLEZ AKHTAR|SIPPY GILL|KHAN BHAINI|SARA GURPAL|Latest Punjabi SOng 2020|Naya Punjabi Gana|Sippy Gill Hits|Khan Baini Hits|laddi gill new song|sippy gill new song|khan bhaini new song|latest punjabi songs 2020,4654718,92252,7945,https://i.ytimg.com/vi/UH0uANlBsVA/default.jpg,False,False,"feat. LADDI GILL, GURLEZ AKHTAR, SIPPY GILL, KHAN BHAINI, SARA GURPAL, YOGRAJ SINGH & PAVITAR BAL👉 Subscribe Our Channel - https://bit.ly/3btPDhUSinger & Music : Laddi Gill  Female Singer : Gurlez Akhtar ............................................................► Stream the Full Song ► Wynk : https://bit.ly/3kqtbe8Gaana : https://bit.ly/31xdPvvSpotify : https://spoti.fi/30CN4GKitunes : https://apple.co/31tn9kkSaavn : https://bit.ly/33AjUKxHungama : https://bit.ly/3gEB8tRAmazon Music : https://amzn.to/31zigWTGoogle Play : https://bit.ly/3ihUIMQMusic Youtube : https://bit.ly/30DlxFd............................................................Mix & Master : MJ Lyrics : Joban Cheema Video : Sukh Dhillon & Avex Dhillon Presentation  :Gurpreet Khetla Conceived by : Pejimia DI :Rabab StudiosDI Colorist : Nimesh ChaudharyProduction : H.S Dhaliwal HouseMakeup : AddyGuitar 🎸 Mandolin :- Gursimran PanesarLabel Worldwide Records Project by Sumit Bhardwaj Producer : Ratnakar Kumar Online Promotion : Pixilar Studios..................................................................https://www.instagram.com/laddigill_ https://www.instagram.com/gurlejakhtarmusichttps://www.instagram.com/sippygillofficialhttps://www.instagram.com/khanbhainihttps://www.instagram.com/saragurpalshttps://www.instagram.com/ursjobancheemahttps://www.instagram.com/avexdhillonhttps://www.instagram.com/gurpreetkhetlaofficialhttps://www.instagram.com/pejimiahttps://www.instagram.com/pixilar_studios......................................................................................📱Contact Office : 9373694924 , 9321157080 , 9820441454👉 Subscribe Our Channel - https://bit.ly/3btPDhU👉Follow us  - https://www.instagram.com/sumitbhardwajofficial👉Follow us - https://www.instagram.com/worldwiderecordspunjabi👉  Like us on -https://www.facebook.com/WorldwideRecordsPunjabiProducer - RATNAKAR KUMAR :https://www.instagram.com/ratnakarwwrindia",Music,97,2.15,823000,319810996,290
GYNm7FT3PKk,ROJA Serial | Episode 610 | 11th Aug 2020 | Priyanka | SibbuSuryan | SunTV Serial |Saregama TVShows,2020-08-11 14:15:00+00:00,UCtrovMbRR6h_XLMfdbhqb1A,Saregama TV Shows Tamil,24,2020-08-12 00:00:00+00:00,#saregamatvshowstamil|saregama tvshows tamil|saregama tamil tvshows|#saregamatamiltvshows|saregamatvshows,1640758,19727,1767,https://i.ytimg.com/vi/GYNm7FT3PKk/default.jpg,False,False,"Watch today episode of Roja Serial:SUBSCRIBE to Saregama TV Shows Tamil Channel and Don't forget to switch ON your notification for all the upcoming serial episode updates.Watch the Roja serial episode telecast exclusively only on SunTV.Crew:Cast – Priyanka, SibbuSuryan, Rajesh, Vadivukarasi, Gayathri, Shiva, Venkat, Smriti, Kavithalaya Krishnan, Shanthi Anand, Viveen, Devanand, Ramya,  K. Natraj, Dr. Sharmila, Manohar, Sowmiya, Sathish, Shamili, Girish, Suseendhar, Shoba Rani, Swetha, Ansari, Dubbing Janaki, SVS Kumar, Anand, Ganesh, Sumathi Shree.Director – V. SadhasivamSenior Vice President – B.R. VijayalakshmiCreative Head – PrinceCameraman – Parthiba KrishnaStory – SaregamaScreenplay – V. PadmavathyDialogue - Guru SampathMusic - RaviragavLyricist -  Arun BharathyTitle Song Singer - M.M. ManasiEditor - K. ShankarCreative Team - K. ShanmugamFor More Latest Updates:Subscribe to: http://www.youtube.com/saregamatvshowstamilFollow us on: https://twitter.com/saregamaglobalLike us on: https://www.facebook.com/saregamaVisit our website: http://www.saregama.com#RojaSerial #SaregamaTvshowsTamil #SunTVSerials",Entertainment,99,1.31,9420000,12987635841,45066
fC3G-P3QINo,DISAPPOINTED | NEED YOUR SUPPORT |,2020-08-11 09:34:58+00:00,UC2kBDwkqiy7zgH1-M4UtUXQ,Dipika Ki Duniya,22,2020-08-12 00:00:00+00:00,[None],794840,53933,2477,https://i.ytimg.com/vi/fC3G-P3QINo/default.jpg,False,False,No Description,People & Blogs,34,7.1,4030000,1092993023,489
KUvt7_oaAFw,கிருஷ்ண ஜெயந்தி ஸ்பெஷல் பலகாரங்கள் | Krishna Jayanthi special Palagarams | Rusikkalam Vanga,2020-08-11 07:58:29+00:00,UCAW01Xupb-fd51o0BsQbcLQ,PuthuYugamTV,24,2020-08-12 00:00:00+00:00,krishna jayanthi recipes|krishna jayanthi special recipes|krishna jayanthi|krishna jayanthi celebration|gokulashtami recipes|krishna jayanthi recipe|krishna jayanthi special recipes in tamil|krishna|krishna jayanthi recipes in tamil|krishna jayanti recipes|krishna jayanthi sweets|krishna jayanthi 2019|janmashtami recipes|krishna janmashtami recipes|krishna jayanthi songs|krishna jayanthi in tamil|krishna jayanthi 2018,105965,1243,108,https://i.ytimg.com/vi/KUvt7_oaAFw/default.jpg,False,False,"#KrishnaJeyantiRecipes #RusikkalamVanga #AvalRecipes #CoconutLaddu கிருஷ்ண ஜெயந்தி ஸ்பெஷல் பலகாரங்கள் | Krishna Jayanthi special Palagarams | Rusikkalam Vanga Watch More Recipes : https://www.youtube.com/playlist?list=PLjzd-wUqnJvQjzEMPZ0uYKAbyABeQ8aBjkrishna jayanthi recipes,krishna jayanthi special recipes,krishna jayanthi,krishna jayanthi celebration,gokulashtami recipes,krishna jayanthi recipe,krishna jayanthi special recipes in tamil,krishna,krishna jayanthi recipes in tamil,krishna jayanti recipes,krishna jayanthi sweets,krishna jayanthi 2020, janmashtami recipes,krishna janmashtami recipes,krishna jayanthi songs,krishna jayanthi in tamil,krishna jayanthi 2018SUBSCRIBE US |  http://bit.ly/1KcnRTs

Click Here to Watch More |

Natchathira Jannal | https://www.youtube.com/playlist?list=PLjzd-wUqnJvSauRqGkzNfE1kCxfdJKSu2

Rusikkalam Vanga | https://www.youtube.com/playlist?list=PLjzd-wUqnJvQjzEMPZ0uYKAbyABeQ8aBj

Alayangal Arputhangal | https://www.youtube.com/playlist?list=PLjzd-wUqnJvT3rvEgviW9OO7u-zYFWEoJ

Anmeega Thagaval | https://www.youtube.com/playlist?list=PLjzd-wUqnJvSdEkm7nF9Bk5mc8FL-eghJ

First Frame | https://www.youtube.com/playlist?list=PLjzd-wUqnJvT1Wq_IBKBqerjrQxkZR1MU



Connect With Us:

http://www.puthuyugam.tv/

https://www.facebook.com/Puthuyugamtv

https://twitter.com/PuthuyugamGec",Entertainment,91,1.27,3660000,1141648689,98007
QshWylo7M5o,Krishna Jayanthi Special 2020 | கிருஷ்ண ஜெயந்தி சிறப்பு பாடல்கள் | Gokulashtami Songs Janmashtami,2020-08-10 23:00:05+00:00,UCHgmHSMsLIlYPrqNcNcVlyA,Emusic Abirami,10,2020-08-12 00:00:00+00:00,janmashtami|Krishna Jayanthi Special|2020|Kannan Maya Kannan|Devotional song|tamil devotion song|kannan pattu|kanna|kannan tamil padalgal|bhakthi padalgal|bhajan|gokulakannan|s.p.b songs|songs for krishna|bhakti geetalu please|govinda bhakthi geethegalu|bakthi padal youtube|super bakthi padal|bakthi padal bakthi padalgal|padal bakthi padal|devotional|emusic|abirami|tamil bakthi padalgal|tamil bakthi songs|devotional songs|tamil|india,90810,0,63,https://i.ytimg.com/vi/QshWylo7M5o/default.jpg,False,True,"#Bhakti #janmashtami #krishna #DevotionalSongsKrishna Jayanthi Special 2020 | கிருஷ்ண ஜெயந்தி சிறப்பு பாடல்கள் | Gokulashtami Songs JanmashtamiKannan Pirandhan - கண்ணன் பிறந்தான் - 00:00Kannan Maya Kannan - கண்ணன் மாயா கண்ணன் - 05:22Kanna Varuvai - கண்ணா வருவாய் - 10:42Kuzhal Uthinan - குழல் ஊதினான் - 15:14Manikkam Katti - மாணிக்கம் கட்டி - 19:38பாடியவர் -  மகாநதி ஷோபனா , S.P.பாலசுப்ரமணியம், சைந்தவி, சாருமதிபாடல் - பாரதியார், பெரியாழ்வார்,S.P.தேவராஜன் ,வாராஸ்ரீ இசை - L. கிருஷ்ணன்Download from Our Online Store: https://www.abiramionline.com/product-category/tamil-devotional/krishna/கண்ணன் மாயா கண்ணன் - https://www.abiramionline.com/shop-2/tamil-devotional/krishna/kannan-maya-kannan/கண்ணன் வருவாய் - https://www.abiramionline.com/shop-2/tamil-devotional/krishna/kanna-varuvai/எங்களை பற்றி மேலும் அறிய: www.abiramionline.comSubscribe செய்ய: http://www.youtube.com/channel/UCHgmHSMsLIlYPrqNcNcVlyA?sub_confirmation=1",Music,97,0.07,1590000,483999296,3924
MM65dwuylbU,TEASER: Pachtaoge (Female Version) |Nora Fatehi |Asees K|Jaani | B Praak|  Bhushan K |14 August,2020-08-12 07:01:48+00:00,UCq-Fj5jknLsUf-MWSy4_brA,T-Series,10,2020-08-12 00:00:00+00:00,hindi songs|2020 hindi songs|new hindi songs|2020 new songs|t-series|tseries|tseries songs|new song|hit songs 2020|2020 film songs|bollywood songs|2020 songs|hindi 2020 songs|film songs|hindi movie songs|Pachtaoge|pachtaoge full video|sonu kakkar new song|pachtaoge romantic song|cover song|arijit Singh|Nora Fatehi|latest movie song|hindi movie song|bollywood song|romantic song|sad song|song|hindi|new|bollywood,1326787,79882,4278,https://i.ytimg.com/vi/MM65dwuylbU/default.jpg,False,False,"Presenting the teaser of the song Pachtaoge- (Female Version). The full song is releasing on 14th August 2020. This latest video features Nora Fatehi and is sung by Asees Kaur, music by B Praak, and composed and lyrics are penned by Jaani. Enjoy and stay connected with us.Gulshan Kumar and T-Series presents Bhushan Kumar's ‘Pachtaoge (Female Version)’.___________________________________Enjoy & stay connected with us!👉 Subscribe to T-Series: http://bit.ly/TSeriesYouTube👉  Like us on Facebook: https://www.facebook.com/tseriesmusic👉Follow us on Twitter: https://twitter.com/tseries👉 Follow us on Instagram: http://bit.ly/InstagramTseries",Music,95,6.34,310000000,334081512320,25661
1gPrxpgjl0Q,कृष्ण अर्जुन गाथा | जन्माष्टमी,2020-08-11 10:27:55+00:00,UCCy2rLnGdwoJcSAtixNdsPQ,STAR भारत,24,2020-08-12 00:00:00+00:00,[None],287043,20723,1056,https://i.ytimg.com/vi/1gPrxpgjl0Q/default.jpg,False,False,"इस जन्माष्टमी के अवसर पर देखिए, कृष्ण और राधा को संग!#राधाकृष्ण में #कृष्णअर्जुनगाथा, 13 अगस्त, रात 9 बजे, सिर्फ़ STAR भारत पर।",Entertainment,30,7.59,21900000,15208606169,50887
wlVAQMB7TDY,Class of ’83 | Official Trailer | Bobby Deol | Netflix India,2020-08-07 04:30:10+00:00,UCZSNzBgFub_WWil6TOTYwAg,Netflix India,24,2020-08-12 00:00:00+00:00,netflix india|netflix|bobby deol class of 83|bobby deol shahrukh khan class of 83|trailer|official trailer|class of 83 bobby deol|netflix series|class of 83|class of 83 release date|class of 83 shooting|shahrukh khan web series class of 83|drive official trailer|netflix trailer|netflix original series|chaman bahar netflix trailer|bobby deol|CLASS83MT|netflix film|official|bobby deol memes|netflix india movies,5546666,190633,17876,https://i.ytimg.com/vi/wlVAQMB7TDY/default.jpg,False,False,"What if it was never about what you’re fighting for, but what you’re fighting against?Based on true events, Class of '83 is the gritty story of a policeman failed by the system. Will Vijay Singh (Bobby Deol) be able to fulfil his purpose or will the fire he ignites burn his own house down?Find out in Class of ’83, streaming on 21st August, only on Netflix.#ClassOf83 #BobbyDeol #OfficialTrailer #NetflixIndiaSubscribe: https://bit.ly/2Oufg8zAbout Netflix:Netflix is the world's leading streaming entertainment service with 193 million paid memberships in over 190 countries enjoying TV series, documentaries and feature films across a wide variety of genres and languages. Members can watch as much as they want, anytime, anywhere, on any internet-connected screen. Members can play, pause and resume watching, all without commercials or commitments.Follow Netflix India on:Website: https://www.netflix.com/YouTube: http://bit.ly/NetflixIndiaYTInstagram: http://www.instagram.com/netflix_inFacebook: http://www.facebook.com/NetflixINTwitter: http://twitter.com/netflixindiaClass of ’83 | Official Trailer | Bobby Deol | Netflix Indiahttps://youtube.com/NetflixIndiaOfficialDemoted to an academy job, a cop trains five foolhardy students as assassins in his risky revenge plot against police corruption and the underworld.",Entertainment,60,3.76,28700000,14951746329,6727
y6PQhkQO7A4,Hoor Mittra Di (4k Video) Jigar Ft Sara Gurpal | Amrit Maan | Ikky Music | Latest Punjabi Songs 2020,2020-08-08 12:32:43+00:00,UC2Z2M3HR-yAbUpAdyXEGBOQ,Bamb Beats,10,2020-08-12 00:00:00+00:00,latest Punjabi Songs 2020|new punjabi songs 2020|jigar songs|amrit maan songs|trending songs|beat songs|sara gurpal songs|amrit maan song|bamb beats songs|hoor mittra di songs|hoor mittra si jigar|latest weekly songs|jigar all new songs|jigar hit songs|all new punjabi sonsg|2020 punjabi songs|beat song|sad songs|romantic songs|sara gurpal song|hit punjabi song,2259835,92476,4436,https://i.ytimg.com/vi/y6PQhkQO7A4/default.jpg,False,False,"Hoor Mittra Di (4k Video) Jigar Ft Sara Gurpal | Amrit Maan | Ikky Music | Latest Punjabi Songs 2020 | New Punjabi Songs 2020Artist : JigarInstagram : https://instagram.com/jigarofficial13Facebook : Song : Hoor Mittra DiStarring : Sara GurpalLyrics : Narinder BatthMusic : Ikky SinghVideo : B2getherPros Special Thnx : Amrit MaanProduced By : Rubal Sidhu , Harinder DhaliwalOnline Promotion : Being Digital",Music,100,4.29,4350000,1664888722,184
wVtkHeW9ASc,Dear HOD | M3 - Random Videos | Episode - 2 [4K] | Sothanaigal,2020-08-07 14:30:56+00:00,UCD1CuflSWxeAGVOwicubsWw,Sothanaigal,23,2020-08-12 00:00:00+00:00,Sothanaigal Channel|Sothanaigal New Video|Sothanaigal Video|sothanaigal comedy|m3|sothanaigal|DearHOD|dear hod sothanaigal|Dear HOD Series|m3 random series|sothanaigal channel|sothanaigal video|sothanaigal marvin|college life|college day in my life|college days sothanaigal|tamil series|tamil comedy|comedy|trending videos|Random Series|tamil creators|sothanaigal vasanth marvin|types of people sothanaigal|college sothanaigal|classroom sothanaigal,1297257,66021,2500,https://i.ytimg.com/vi/wVtkHeW9ASc/default.jpg,False,False,"College life will not be fulfilled without Friends and Problems caused by friends 🤣🤣Watch and enjoy the video till the end...#DearHOD #M3 #SothanaigalJoin the top cricket & sporting action and win big, Register here - https://sb88.io/YTSothanaigalWatch M3 Episode 1 (Dear Chithappa): https://youtu.be/XDuossglFYk
SUBSCRIBE us for continuous entertainment.

Cast:
Praveen - https://www.instagram.com/praveenboxing95/
Vasanth - https://www.instagram.com/vasanth_parthi/
Marvin - https://www.instagram.com/vasanth_marvin/
Jkay - https://www.instagram.com/funframe_jk/ Niveditha - Sathish  - Vicky Mac - Kumaran - Venkatraman - Azar
Camera:
Vicky Mac -https://www.instagram.com/vicky__mac/

Editing-Vfx- Sound design
Gowtham Rakshit - https://www.instagram.com/gowthamrakshit/

Script & Direction: Vasanth Marvin https://www.instagram.com/vasanth_marvin/
Special Thanks:  RAAK College of Engineering and Technology - Pondicherry✓ Apply to Set / Break a World Record in Nobel World Records.✓ Best platform to show your Amazing talents in any category / any field & it's a perfect place for Youth.✓YouTube link :- https://www.youtube.com/channel/UCLpdO4Q-UGAmsLUtHkQGetA [ Subscribe us to watch more World Record videos ]________________________________________Facebook: https://www.facebook.com/Sothanaigal-...
Instagram: https://www.instagram.com/sothanaigal_/
Twitter: https://twitter.com/sothanaigal?lang=en
_______________________________________
In Association with DIVO - Digital Partner
https://www.facebook.com/divomovies
https://twitter.com/divomovies
https://www.instagram.com/divomovies/",Comedy,62,5.28,2390000,310153336,260
Yf9Nlq5wrf8,[TinyTAN l ANIMATION] - Magic Door,2020-08-08 09:13:00+00:00,UCLkAepWjdylmXSltofFvsYQ,BANGTANTV,10,2020-08-12 00:00:00+00:00,TinyTAN,10033918,2061192,143185,https://i.ytimg.com/vi/Yf9Nlq5wrf8/default.jpg,False,False,"Every dreamer has their own magic doorTinyTAN inspired by BTShttps://twitter.com/TinyTANofficialCreative : Big Hit IPChief Producer : Sejung Ha Producer : Yoon A Ko Director : Moohyun Jang Art Director : Kibin Kim CG Supervisor : Min Kyu Lee Line Producer : Soohyun Lee, Jeayoon Lee Assistant Director / Editor : Gyungjin Kim Storyboards : Ha Yan Park Character / Production Design : Sugeun Eom, Yeobeen Yun, Sungho Lee, Young jun Jeon, Hye Lim Chun, Juhyeon Han, Rosa GiHun Houng  Modeling / Look Development Leads : Youngsam Kim, Yeree Kim, Hyunsub Kim, Hongseok KimLayout / Animation Leads : Joongho Kum, Sunghee Cho, Sohyun Cho  Character TD (Rig / Chr. FX) : Mina Choi Lighting / Compositing Leads: Ji Sub Park, Seo Hyun Jang, Hannah JangPipeline TD : Jonghwan Moon, Sangjin Lee  Associate Artists : Yoongkun Kim, Soo yeon Mo,  Eui Kook Lee  Co-production : GIANTSTEP / Goldframe / Storyfarm / JLmuse#TinyTAN #타이니탄",Music,34,21.97,82500000,26815036224,2967
xtW8mI0vasI,அவல் பாயாசம் இப்படி சுவையா செஞ்சு அசத்துங்க/Avalpayasam/Krishna jayanthi Special /Gokulashtami Pooja,2020-08-10 04:04:53+00:00,UCAuhPbhpIDhUquHYkOPyX4w,Kavitha Samayalarai கவிதா சமையலறை,26,2020-08-12 00:00:00+00:00,#Avalpayasam|#krishnajayanthi|poha recipes|sweet recipes|palpayasam|prasadam|easy sweet recipes|10 minutes sweets&snacks|அவல் பாயாசம்|poha kheer|kheer recipes|indian sweet recipes|How to make Aval payasam|poha sweet recipes|Gokulastami|janmastami|krishnajayanthi pooja|pooja prasadam recipes,223246,3978,356,https://i.ytimg.com/vi/xtW8mI0vasI/default.jpg,False,False,"#Avalpayasam #krishnajayanthi #indiansweetrecipe  #pohakheer #Gokulashtami #janmastami #palpayasam #prasadam #easysweetrecipe #10minssweet&snacks #kheerrecipesIngredients needed :Aval( flattened rice) 1 cupGhee 2 tbspCashews 10 number Dry grapes 15 numbers Milk 750 ml to 1 litreJaggery 1 cupCardamom powder 1/2 spoonLinks for Brass kadai https://amzn.to/3gJHSXoPrestige nonstick cookwares https://amzn.to/3668ZrbUltra diet cooker 3 litre https://amzn.to/2LsdYcwUltra diet cooker 5 litre https://amzn.to/38902hrUltra diet cooker 8 litre https://amzn.to/2qvhmMDUltra stainless steel cooker 5.5 litre https://amzn.to/3434R8RUltra stainless steel cooker 4 litre https://amzn.to/36cqftGIron tawa https://amzn.to/2OPIj6YFutura Anodised kadai https://amzn.to/2KUCp27Panasonic mixie https://amzn.to/33cmhA3Iron kadai https://amzn.to/2DlGZSDUltra stainless steel cooker https://amzn.to/37Nhfg6Ultra grinder https://amzn.to/2Q9pnRA Ultra fast grind https://amzn.to/2CyLvwXStainless steel kadai https://amzn.to/36QO5MuStainless steel idly pot https://amzn.to/2NUeGQeHawkins futura dosa tawa https://amzn.to/2NS7vrKIron dosakal https://amzn.to/34THQGfVinod stainless steel cookwares https://amzn.to/2C0kl1OVinod stainless steel 3pcs cookwares https://amzn.to/2N1X31yVinod stainless steel 2 piece cookwares https://amzn.to/34jZItnPanasonic mixie https://amzn.to/33cmhA3Serving bowls with tray https://amzn.to/2N95sAiMini uthappam pan https://amzn.to/2pAxrQCLinks for  Chutney recipes https://www.youtube.com/playlist?list=PLOV2v437ZXIJ6p2eHtHaFIvQAAs-nZGYTNon veg recipes https://www.youtube.com/playlist?list=PLOV2v437ZXILcfvzFDdk8sJ_XGKzfV0g8Kulambu, gravy ,chutney recipes https://www.youtube.com/playlist?list=PLOV2v437ZXILbSSx43FMo6APwbkG-DRSARasam recipes https://www.youtube.com/playlist?list=PLOV2v437ZXIJkJW8FWjeMOQNlhIO1qqhsEgg recipes https://www.youtube.com/playlist?list=PLOV2v437ZXILeJArBlEfIq4IBQ4q4AWRjChutney recipes https://www.youtube.com/playlist?list=PLOV2v437ZXIJ6p2eHtHaFIvQAAs-nZGYTRecipes for breakfast and dinner https://www.youtube.com/playlist?list=PLOV2v437ZXIIDR-kB_ioKbCx2MHjvKDwTMasala podi recipes https://www.youtube.com/playlist?list=PLOV2v437ZXIKNeUhXyG9u3XcF-sunMkKrHome designing and organising https://www.youtube.com/playlist?list=PLOV2v437ZXILYYOZZtQ9l9YuqdPylRPogSweets and snacks recipes https://www.youtube.com/playlist?list=PLOV2v437ZXIKbjvgrmiTs2om-LjmOx0yvVariety rice recipes https://www.youtube.com/playlist?list=PLOV2v437ZXIIoxU2mh0yhE3rGyELtICh-Shopping haul videos https://www.youtube.com/playlist?list=PLOV2v437ZXIK8vmG57yV0Wmp5RW_yu7G_Contact details kavithasamayalarai@gmail.com",Howto & Style,100,1.94,2390000,559708375,1134
RQP45i1UEEY,കനത്ത വെള്ളപ്പൊക്കത്തിന് ഇടയിൽ കിട്ടിയ അതിഥി | Catching Cobra During Flood In Kerala 2020 | Kottayam,2020-08-10 18:14:57+00:00,UCLVKBUbLosT4ZkJMzPOw72Q,Vava Suresh,22,2020-08-12 00:00:00+00:00,[None],419072,15491,545,https://i.ytimg.com/vi/RQP45i1UEEY/default.jpg,False,False,(09/08/2020) കോട്ടയം ജില്ലയിലെ ചുങ്കത്ത് നിന്നും രാവിലെ ഒരു വ്യക്തി വിളിക്കുകയുണ്ടായി. കനത്ത മഴയും വെള്ളപ്പൊക്കവും കാരണം ആകെ ദുരിതത്തിൽ ആണെന്നും അതിന്റെ ഇടയിൽ പാമ്പുകളുടെ ശല്യവും ഉണ്ടെന്നു പറയുകയുണ്ടായി. അതിൽ ഒരു പാമ്പ് തന്റെ വീട്ടിൽ അകപെട്ടെന്നും അതിൽ നിന്നും രക്ഷപെടുത്തണമെന്നും പറഞ്ഞു.വീടിന്റെ പകുതിയോളം വെള്ളം കയറിയതിനാൽ ഒന്നും ചെയ്യാൻ പറ്റാത്ത അവസ്ഥയാണ്. ഉച്ചയോടെ ഞാൻ തിരുവനന്തപുരത്തു നിന്ന് കോട്ടയം ചുങ്കത്ത് എത്തുകയും അവിടെ നിന്നും കുറച്ചു ദൂരം വള്ളത്തിൽ കയറി പാമ്പ് അകപ്പെട്ട വീട്ടിലേയ്ക്ക് പോകുകയും അകപ്പെട്ട പാമ്പിനെ സുരക്ഷിതമായി രക്ഷിക്കുകയും ചെയ്തു.     ഈ ദൗത്യം ചെയ്യാൻ കഴിഞ്ഞതിൽ ഒരുപാട് സന്തോഷമുണ്ട്.,People & Blogs,100,3.83,549000,57098619,73
OCqOvdVF7Ag,Samantha and Chaitu at Rana Daggubati Marriage | #ChaySam | #RanaMiheeka,2020-08-08 17:14:07+00:00,UCZxqtFjlsuEJMCN-c7agBRQ,Tolly Masthi,24,2020-08-12 00:00:00+00:00,Tolly Masthi|Tollywood|Samantha|Naga Chaitanya|Samantha and Chaitu|Chay Sam|Samantha at Rana Daggubati Wedding|Naga Chaitanya at Rana Wedding|Chay Sam at Rana Wedding|Rana Daggubati Marriage|#Ranheeka Marriage|#Ranheeka Wedding|#RanaMiheeka|Rana Wedding Pics,383674,2102,105,https://i.ytimg.com/vi/OCqOvdVF7Ag/default.jpg,False,False,Samantha and Chaitu at Rana Daggubati Marriage | #ChaySam | #RanaMiheekaInsta : https://www.instagram.com/southcelebrity.instaFb : https://www.facebook.com/southCelebrityinfoSubscribe to Tolly Masthi For more Off screen Updates!#Samantha #NagaChaitanya #RanaWedding #RanaMarriage,Entertainment,72,0.58,199000,4151610,420
rMinzGl28sA,RAJA IS BACK | Choudhary Family Completed ❤️ | Khushi Punjaban | Vivek Choudhary,2020-08-08 10:24:27+00:00,UCQypnkDmsoAQaIPaycP28Xw,Mr & Mrs Choudhary,22,2020-08-12 00:00:00+00:00,tiktok|couple|cutecouple|vivekchoudhary|khushipunjaban|corona|covid|jaat|choudhary|trendingcouple|romance,6502942,436762,50155,https://i.ytimg.com/vi/rMinzGl28sA/default.jpg,False,False,Brand collabration- vivekarya.va@gmail.comGaming Channel- https://www.youtube.com/channel/UC5HrYEDiA1ryRoHK-KZ5Y1ABavjit- https://www.youtube.com/channel/UClrsat5cIXgO4XscEToAcwwVivek- https://instagram.com/vvkchoudharyy?utm_source=ig_profile_share&igshid=12gf9xk0jd8sdKhushi- https://instagram.com/khushi.vivekchoudhary?utm_source=ig_profile_share&igshid=17312s4cv0jieMaa- https://instagram.com/anita_chouudhary?igshid=1donk6f8cil21Papa ji- https://instagram.com/mahikarsingh?igshid=1stikhgxjqx8rdidi- https://instagram.com/nishuchoudharyy?igshid=1s9kq4xrui0tvkomal- https://www.instagram.com/simranjitkaur_03/?hl=enBav- https://www.instagram.com/bavjitsingh27/?hl=en#Vivekchoudhary #Khushipunjaban #ChoudharyFamilyFACEBOOKhttps://www.facebook.com/vvkchoudharyy,People & Blogs,80,7.49,5600000,2314554398,1967
DKQUzXhf5yY,Kerala flight crash | വീണ വിമാനത്തിൽ നിന്നും രക്ഷപ്പെട്ട നവവരൻ | Kaumudy,2020-08-08 16:15:01+00:00,UCSVALYUGVruJ4I2RjhiudSQ,Kaumudy,25,2020-08-12 00:00:00+00:00,tabletop airport|karipur airport crash|Kerala|accident|Dubai Kozhikode flight|Karipur runway|Air India flight|keralakaumudi|kerala today news|Yujin Yousuf,1592390,25116,878,https://i.ytimg.com/vi/DKQUzXhf5yY/default.jpg,False,False,വിമാനപകടത്തില്‍ നിന്ന് രക്ഷപ്പെട്ടതിന്റെ ആശ്വാസത്തില്‍ മാനന്തവാടി സ്വദേശിയും. ചെറ്റപ്പാലം - വരടി മൂല അനുഗ്രഹാസില്‍ അരോമ യുസഫിന്റെ മകന്‍ യൂജിന്‍ .ഇന്നലെ കരിപ്പൂര്‍ അന്തരാഷ്ട്ര വിമാനത്താവളത്തില്‍ വന്നിറങ്ങിയ ദുബായ് വിമാനത്തില്‍ ഉണ്ടായിരുന്ന യൂജിന്‍ നിസാര പരിക്കുകളോടെ രക്ഷപ്പെട്ടു. യൂജിന്‍ സ്വന്തം വീട്ടില്‍ ക്വാറന്റീനില്‍ കഴിയുകയാണ്.,News & Politics,72,1.63,6090000,4724203259,72846
91ItZrjUoYQ,Welcome New Baby - Vlog #4 | Rakhi Lohchab |,2020-08-10 11:47:52+00:00,UCHQ68Wo2u3D-469QmOwRinQ,Rakhi Lohchab,24,2020-08-12 00:00:00+00:00,rakhi lohchab|lshokeen films|Vlog|new baby Vlog|baby boy|haryanvi rituals|haryanvi family|buaa|trending|haryanvi culture|new mother|haryanvi geet|simple haryanvi life|family members|equality|vlogger|real life,147808,12373,850,https://i.ytimg.com/vi/91ItZrjUoYQ/default.jpg,False,False,Enjoy and Share this Vlog!Follow me on Instagram: https://instagram.com/rakhilohchabofficialContact for advertising and business enquiries :Email: Lohchabrakhi94@gmail.comFacebook: https://www.facebook.com/rakhilohchab94,Entertainment,44,8.95,896000,328098901,295
kQoDRZ3iXhQ,भूतों से बात - EMF Meter and Paranormal Equipment Explained - TEF Ep 104,2020-08-08 13:20:22+00:00,UCGdPm5Aq081vVD7ih9jZf6Q,FactTechz,24,2020-08-12 00:00:00+00:00,science facts|facttechz|facttechz new video|facts|tef|top enigmatic facts|random facts|amazing facts|facttechz horror|horror,2786234,338086,60881,https://i.ytimg.com/vi/kQoDRZ3iXhQ/default.jpg,False,False,"Do you know why paranormal investigators use EMF meter and other scientific tools? Have you ever heard about the great attractor, which is an intergalactic gravitational anomaly? Have you even see a funnel-web spider? Let's explore some random enigmatic facts in the episode 104 of TEF (Top Enigmatic Facts).FactTechz All Videos Playlist: https://www.youtube.com/facttechz/playlistsFollow:Instagram: https://instagram.com/facttechzTwitter: https://twitter.com/facttechzFacebook: https://facebook.com/facttechzSee you in the next enigmatic and scientific video full of knowledge.",Entertainment,72,14.32,21200000,9505595766,2043
n7C3aXBzM7s,நண்பா Mahesh Babu உனக்காக இது | Vijay VS Mahesh Babu | சவாலை கெத்தாக செய்து முடித்த Thalapathy,2020-08-11 13:20:54+00:00,UC9-od3vuwuVSFQF1CizTD7w,Little Talks,24,2020-08-12 00:00:00+00:00,little talks|kollywood news|tamil cinema news|celebrity speech|celebrity interview|master audio launch|master audio launch vijay speech|master audio launch vijay sethupathi speech|master audio launch dheena speech|master audio launch lokesh kanagaraj speech|master audio launch britto speech|master audio launch breakdown|master audio launch arjun das speech|master audio launch anirudh speech|master audio launch ajith|vijay kiss vijay sethupathi|master song|master,441390,19862,1288,https://i.ytimg.com/vi/n7C3aXBzM7s/default.jpg,False,False,#Vijay #MaheshBabu #MasterGreen India challenge is been practiced for many days by common people still celebrities where in people continue this challenge as a chain. As a part of this challenge actor Mahesh Babu had tagged Thalapathy Vijay to do this challenge and it was a surprise for many when Vijay took the challenge and posted a pic of the same. Watch the full video. For Latest Exclusive Updates visit: http://littletalks.in/LittleTalks is an entertainment company focused on bringing new and innovative content to the Tamil Audience.Follow us on Facebook : https://www.facebook.com/littletalksInstagram : https://www.instagram.com/littletalksmediaTwitter : https://www.twitter.com/LittletalksytYouTube : https://www.youtube.com/c/LittleTalksMediaYouTube : https://www.youtube.com/c/littletalksplusWebsite : https://littletalks.in,Entertainment,94,4.79,3770000,3743853737,41485
lT6HV0Iweyo,कृष्ण जन्माष्टमी विशेष कीर्तन ! समाधान महाराज शर्मा यांचे जबरदस्त किर्तन ! Samadhan Maharaj Sharma,2020-08-11 11:30:09+00:00,UCTW7-0x11i8y0vJKWcMr2vQ,Marathi Tadka,24,2020-08-12 00:00:00+00:00,Marathi Tadka|मराठी तड़का|Marathi Tadka Videos|समाधान महाराज शर्मा|समाधान महाराज शर्मा कीर्तन|समाधान महाराज भोजेकर कीर्तन|शर्मा महाराज|शर्मा महाराज कीर्तन|शर्मा महाराजांचे कीर्तन|samadhan maharaj sharma|samadhan maharaj sharma kirtan|samadhan maharaj sharma kirtan 2020|kalyache kirtan marathi|काल्याचे कीर्तन|काल्याचे कीर्तन मराठी|श्री कृष्ण जन्माष्टमी कीर्तन|krushn janmashtmi|krushn janmashtmi kirtan|marathi kirtan|comedy kirtan|मराठी कीर्तन,60749,477,18,https://i.ytimg.com/vi/lT6HV0Iweyo/default.jpg,False,False,"किर्तनकार : समाधान महाराज शर्मा आपल्याला हि आपल्या सप्ताह चे शुटींग करायचे असेल असेल तर आम्हाला संपर्क करू शकता (मराठी तडका 8100007744)

All rights reserved - Ⓒ Marathi Tadka

Please Like, Share and Subscribe - Marathi Tadka
☛ You tube  :  https://www.youtube.com/c/MarathiTadkaOfficial
☛ Facebook :  https://www.facebook.com/marathitadkaOfficial
☛ Instagram :  https://www.instagram.com/marathitadkaa
☛ Twitter :  https://twitter.com/marathitadkaa
☛ Website : http://marathitadka.com/
☛ Write us   :  marathitadkateam@gmail.com
☛ Marathi Tadka  Whatsapp  :  8100007744

Thank You!!",Entertainment,98,0.81,3180000,471345507,1879
WUe4WtdoXig,कौन है ये बिनोद| who is binod and why his memes are viral,2020-08-07 04:13:51+00:00,UC7Hha5f3pgeddOg5eQJX1sg,Indian Popular Code,24,2020-08-12 00:00:00+00:00,viral trend|who is binod|shuru binod is viral|binod memes|binod meme|binod op|indian popular code|animesh mukharjee|binod comment|binod tharu|binod kon hai|slayy point|slayy point binod,1008948,28329,4845,https://i.ytimg.com/vi/WUe4WtdoXig/default.jpg,False,False,"Binod memes started when Indian Youtuber Abhyudaya Mohan uploaded a video “Why Indian Comments Section is Garbage” on Slayy Point. In the video, he showed what the Indian Internet community posts in the comment section of Youtube videos. One of the screenshots from the video which went viral is a Youtube user “Binod Tharu” who just wrote Binod as a comment in a youtube video. Soon, social media users started posting “Binod” comments on all Youtubers live streams which started the trend of Binod",Entertainment,57,3.29,54900,8513887,188
mdN4kdXRfVI,Dharmesh ने किया Tiger और Vartika को Stage पे Join! | India's Best Dancer,2020-08-10 13:30:03+00:00,UCpEhnqL0y41EpW2TvWAHD7Q,SET India,24,2020-08-12 00:00:00+00:00,india's best dancer 2020|dance reality show in 2020|india's best dancer|ibd performances|dance show|dance guru geeta|india's best dancer clips|geeta|new dance show|dance shows audition 2020|dance guru terence|malaika arora|dance reality shows|set india|इंडिया'ज़् बेस्ट डॅन्सर|ibd hip hop|new set dance show|set india dance show|terence lewis|ibd 2020|2020 dance shows|indias best dance performances|india's best dancer new show|tiger|dharmesh|vartika,1922791,59897,776,https://i.ytimg.com/vi/mdN4kdXRfVI/default.jpg,False,False,Click here to Subscribe to SET India: https://www.youtube.com/channel/UCpEhnqL0y41EpW2TvWAHD7Q?sub_confirmation=1Tiger and Vartika give an outstanding performance which bags them Dharmesh's dance as he joins them on stage!,Entertainment,73,3.16,188000000,185377560025,164356
5V2B28OqfqM,"I Spent $1,000,000 On Lottery Tickets and WON",2020-08-08 20:00:02+00:00,UCX6OQ3DkcsbYNE6H8uQQuVA,MrBeast,24,2020-08-12 00:00:00+00:00,[None],21026530,1297682,76812,https://i.ytimg.com/vi/5V2B28OqfqM/default.jpg,False,False,I didnt think i was going to win that much... looks like im buying an islandNew Merch - https://shopmrbeast.com/SUBSCRIBE OR I TAKE YOUR DOG╔═╦╗╔╦╗╔═╦═╦╦╦╦╗╔═╗║╚╣║║║╚╣╚╣╔╣╔╣║╚╣═╣ ╠╗║╚╝║║╠╗║╚╣║║║║║═╣╚═╩══╩═╩═╩═╩╝╚╩═╩═╝----------------------------------------------------------------follow all of these or i will kick you• Facebook - https://www.facebook.com/MrBeast6000/• Twitter - https://twitter.com/MrBeastYT•  Instagram - https://www.instagram.com/mrbeast--------------------------------------------------------------------,Entertainment,45,6.54,471000000,114619473037,953
gubZj6XS81Y,Chote Chote Ghar | Ranjit Bawa | Full Video | Gur Sidhu | VIP Records | Latest Punjabi Songs 2020,2020-08-06 04:22:44+00:00,UC8HBwZFJop6elIzoov-g7bw,VIP Records,10,2020-08-12 00:00:00+00:00,ranjit bawa|gur sidhu|chote ghar|chote chote ghar|ranjit bawa song|ranjit bawa new song|impress ranjit bawa|punjabi song ranjit bawa|ranjit bawa songs|ammy virk song|dilpreet dhillon song|mankirt aulakh song|parmish verma song|new song 2020|punjabi song 2020|new song punjabi|latest punjabi songs|punjabi songs|diljit dosanjh songs|manzil|adhi raat|phulkari|yaari Chandigarh waliye|ranjit bawa movie|gur sidhu songs|mera ki kasoor|mahiya|Chotay Ghar,10426669,305109,17171,https://i.ytimg.com/vi/gubZj6XS81Y/default.jpg,False,False,"Chote Chote Ghar - The brand new single by Ranjit BawaMusic by Gur SidhuListen : https://smarturl.it/Chote.Chote.GharSong : Chote Chote Ghar Artist : Ranjit BawaMusic : Gur Sidhu Lyrics : Babbu Mix & Mastering : B SanjVideo : Tru Makers Label : VIP Records Distributed by ABC DigitalPowered by 360 Worldwide DOP: Karan Randhawa Edit & DI : Garry Khatrao MediaPoetry : Puneet GillAssistant Directors : Shubham Malhotra, Rubal Chhina & GurdeepProduction : V Singh Productions Still : TJ SidhuDirectors : Dilsher Singh & Khushpal Singh Special Thanks : Gold Media, Shine Media, Baaj Media Follow VIP Records : http://www.instagram.com/viprecordshttp://www.twitter.com/viprecordsukhttps://www.facebook.com/viprecordsonlineFollow 360 Worldwide :http://www.twitter.com/360_Worldwidehttp://www.facebook.com/Three60Worldwidehttps://www.instagram.com/360_worldwide#RanjitBawa #ChoteChoteGhar #LatestPunjabiSongs",Music,97,3.09,4310000,1389808056,654
4oJIj99k1QE,पढ़ाई में मन कैसे लगायें | How to focus on studies? By Sandeep Maheshwari,2020-08-10 07:54:47+00:00,UCBqFKDipsnzvJdt6UT0lMIg,Sandeep Maheshwari,22,2020-08-12 00:00:00+00:00,Positive|Thinking|thoughts|best|intelligence|stress|manage|how to|feelings|latest|fear|attitude|fearless|latest 2019|2019|motivational video|spirituality|students|for students|study|studies|practical|tips|motivation|communication|love|comedy|confidence|time|loneliness|depression|anxiety|akele|rehna|seekho|video|videos|motivational speech|speech|overcome,1106373,127095,8200,https://i.ytimg.com/vi/4oJIj99k1QE/default.jpg,False,False,"Sandeep Maheshwari is a name among millions who struggled, failed and surged ahead in search of success, happiness and contentment. Just like any middle class guy, he too had a bunch of unclear dreams and a blurred vision of his goals in life. All he had was an undying learning attitude to hold on to. Rowing through ups and downs, it was time that taught him the true meaning of his life.To know more, log on to www.sandeepmaheshwari.comFacebook: https://www.facebook.com/sandeepmaheshwaripageInstagram: https://www.instagram.com/sandeep__maheshwariTwitter: https://twitter.com/sandeepseminarsMusic: Youtube Music Library",People & Blogs,73,12.23,28400000,2466860755,657
upKozsHSLLQ,Types of Ex Girlfriends | Sanjhalika Vlog,2020-08-09 09:27:40+00:00,UCrWc5vUgSM4MvZWI3_2iQ8Q,Sanjhalika Vlog,22,2020-08-12 00:00:00+00:00,types of ex girlfriend|ex girlfriend|girlfriend|comedy video|sanjhalika vlog|vira video|trending|girlfriend life|breakup video|girls after breakup|hindi funny video|hindi viral video,209034,4847,314,https://i.ytimg.com/vi/upKozsHSLLQ/default.jpg,False,False,"Earn With Me On Binany💰 http://bit.do/sanjhalikaFollow me on Instagram - http://www.instagram.com/sanjhalikaHi Guys, This time I have come up with some new content. It is a funny video which shows different types of Ex- Girlfriends.I hope you like this video, please hit the like button below and do share it with your friends and family.Starring-Sanjhalika ShokeenVibhu Varshney ( Guddu Bhaiya )Do Subscribe to my channel!Concept and Motivated by Aashish Bhardwaj (Sociopool India Pvt Ltd)Shoot by: Khud kiyaEdit by: Vibhu VarshneyThumbnail by: Vibhu VarshneyScript by: Renuka----------------------------------------------THIS WAS JUST FOR FUN!----------------------------------------------Thank You For Watching...... | Sanjhalika Vlog |Follow me on Instagram - http://www.instagram.com/sanjhalikaFollow me on Facebook - https://www.facebook.com/SanjhalikaVlog2Subscribe its free: https://www.youtube.com/channel/UCrWc...Managed by-: Sociopool (Sociopool India Private Limited)",People & Blogs,41,2.47,10700000,4881070592,867
K8t4O_xqS88,"Sushant की  Dil Bechara का BTS वीडियो वायरल, परदेसिया गाना गा रहे सुशांत |FilmiBeat",2020-08-09 06:46:38+00:00,UCsaoYBUHz_lVB_dOmFwA9Zw,FilmiBeat,24,2020-08-12 00:00:00+00:00,Sushant Singh Rajput|Dil Bechara|Sanjana Sanghi|Sanjana Sanghi Shares Sushant Video|Sushant's BTS Video Viral|Sushant Singh's Viral Video|Sushant Singh Pardesiya Song|Sanjana Latest Post On Sushant|Dil Bechara Sushant Video Viral|Sushant Pardesiya Video Viral|Sushant Singh Rajput's Old Video Viral|Sushant Case Update|Sanjana Sanghi Latest Post|Bollywood News.,437526,7741,325,https://i.ytimg.com/vi/K8t4O_xqS88/default.jpg,False,False,"While many of the best scenes of Dil Bechara are being seen in the BTS video, all eyes are stuck on that scene when Sushant Pardesiya is singing the song in his own style.Watch Out

#SushantSinghRajput #DilBechara #SanjanaSanghi --------------------------------------------------------------------------------------------------------------Subscribe to FilmiBeat Channel for latest updates on movies and related videos.You Tube: https://goo.gl/qlauzbFollow us on Twitterhttps://twitter.com/filmibeatLike us on Facebookhttps://www.facebook.com/FilmibeatVisit us: http://www.filmibeat.com/Download app: https://play.google.com/store/apps/details?id=in.oneindia.android.tamilapp",Entertainment,83,1.84,5440000,2338923598,102712
tmAXbPGOf0Q,TERI MERI LADAYI (Full Song) Maninder Buttar feat. Tania | Akasa | Arvindr Khaira | MixSingh #Jugni,2020-08-06 05:41:01+00:00,UCopY0NAzASqmD6eVaRj2TFQ,White Hill Music,10,2020-08-12 00:00:00+00:00,maninder buttar|maninder buttar teri meri ladayi|teri meri ladayi song|tania|arvindr khaira|maninder buttar songs|maninder buttar new song|teri meri ladayi punjabi song|akasa|mixsingh|new punjabi songs|latest punjabi songs|full punjabi songs|teri meri ladayi full video|punjabi song|latest punjabi song 2020|new punjabi song 2020|laare|ik tera|sakhiyaan|tutt chali yaari|couple fight|ladayi song|teri meri ladai,20816950,514459,67272,https://i.ytimg.com/vi/tmAXbPGOf0Q/default.jpg,False,False,"Finally the song is all yours, enjoy the best Punjabi song TERI MERI LADAI by Maninder Buttar and Akasa featuring Tania. This song beautifully represents the story of every long distance relationship. The video is directed by Arvindr Khaira music given by Mixsingh and produced by Gunbir Singh Sidhu & Manmord Sidhu. Dedicate this song to your loved one : https://bit.ly/TeriMeriLadayiAlso Available on :- ►Spotify : http://open.spotify.com/album/5fMSE44XKtROd2X93mZCuJ►Apple Music : https://geo.itunes.apple.com/at/album/id1525893296►iTunes : https://geo.itunes.apple.com/at/album/id1525893296?at=1l3v9Tx&app=itunes►Amazon Music : https://www.amazon.com/Teri-Meri-Ladayi/dp/B08F2NS6RP/ref=sr_1_1?dchild=1&keywords=Teri+Meri+Ladayi&qid=1596691324&s=dmusic&sr=1-1►YouTube Music : https://music.youtube.com/watch?v=zNwb3zoJQ0Y&feature=share►JioSaavn : https://www.jiosaavn.com/song/teri-meri-ladayi/NAw,Vk1VXnQ►Gaana :  https://bit.ly/3kkRsC2►Wynk : https://bit.ly/3fxvqsg►Google Play : https://play.google.com/store/search?q=Teri%20Meri%20Ladayi&c=music►Hungama : https://www.hungama.com/song/teri-meri-ladayi/55489514/► Resso : https://m.resso.app/yP3P18/Credits : Song : Teri Meri LadayiSinger/Lyrics/Composer : Maninder ButtarFemale Vocal : AkasaFeaturing : TaniaMusic : MixSinghVideo : Arvindr KhairaSpecial Thanks : Rahul Chahal (TDOT Films)Music Director : MixSinghMusic Composed, Arranged, Programmed & Mixed by :  MixSinghGuitars : Shomu SealFlute : Flute PreetMastered : Sameer CharegoankerCreative director/ Steadicam Operator:- Amaninder singhDop :- VikceeAD’s :- Satnam Singh , Sukhman Sukhu , Jass SiviaVfx : Inside Motion PicturesEditor : ZipsiGrade : Avinash ShuklaMakeup : RaajanProduction :- Fateh films productionsSocial Media Promotion : Gold MediaProduced by : Gunbir Singh Sidhu & Manmord SidhuOperator Codes : ● Airtel & Airtel Hellotune Link : Airtel Subscribers to Set as Hello tune Click on Wynk music link https://bit.ly/3fxvqsg● Vodafone : Vodafone Subscribers for Caller Tune Direct Dial 53712077102● Idea : Idea Subscribers for Dialer Tone Direct Dial 53712077102● BSNL (N & W) Direct Dial : BSNL (N & W) Subscribers Direct Dial 567007412439 to set BSNL TuneSubscribe us on :-YouTube : http://bit.ly/SubscribeWhiteHillMusicFacebook : -Instagram : https://www.instagram.com/whitehillmusic/White Hill Music : https://www.facebook.com/whitehillmusicWhite Hill Studios : https://www.facebook.com/whitehillstudiosofficial  Twitter : https://twitter.com/whitehillmusic_Tiktok : https://www.tiktok.com/@whitehillstudiosWebsite : https://www.whitehillstudios.comPublished Year : 2020Copyright : White Hill Music & Entertainment Private LimitedF-545,1st Floor,Phase -8A Industrial Area,Mohali - 160059",Music,99,2.79,25500000,14188819084,7531
OJIfYydyXkE,Meera Mithun Interview?! En...Why?! 🥴  | Tamil | Madan Gowri | MG,2020-08-10 16:13:02+00:00,UCY6KjrDBN_tIRFT_QNqQbRQ,Madan Gowri,27,2020-08-12 00:00:00+00:00,madan|madhan|gowri|tamil|tamizh|interview|mg squad|madan gowri|malayalam|kannada|telugu|mg,946010,60737,8554,https://i.ytimg.com/vi/OJIfYydyXkE/default.jpg,False,False,"Join MG Squad Membership: https://www.youtube.com/channel/UCY6KjrDBN_tIRFT_QNqQbRQ/join--------------Subscribe to Ir Wog (MG Squad's 2nd channel) IRWOG: https://www.youtube.com/channel/UC9pRPRlo6wIOakEOi_2RWwA--------------In this latest Madan Gowri video, I will be answering the interview questions asked by Madan Gowri Squad. MG Squad interviewing Madan Gowri.",Education,65,7.32,8670000,2832723791,4176
